{
  "areas": {
    "welding": {
      "detection_roi": [
        [
          0.04633050308129278,
          0.005066574066771584
        ],
        [
          0.946236559139785,
          0.0017921146953405694
        ],
        [
          0.94750163423547,
          0.9971248937266176
        ],
        [
          0.04247249246324811,
          0.994737446797586
        ]
      ],
      "brightness_roi": [
        [
          0.9908854166666666,
          0.09722222222222222
        ],
        [
          0.98828125,
          0.9120370370370371
        ],
        [
          0.96484375,
          0.9189814814814815
        ],
        [
          0.9596354166666666,
          0.09722222222222222
        ]
      ],
      "height_mapping_roi": []
    }
  }
}