{
  "areas": {
    "pickup": {
      "detection_roi": [
        [
          0.45026881720430106,
          0.2574671445639188
        ],
        [
          0.7007411104630442,
          0.24424225402616756
        ],
        [
          0.698756615917794,
          0.625366592858117
        ],
        [
          0.4529569892473118,
          0.5967741935483871
        ]
      ],
      "brightness_roi": [
        [
          0.6425463774347785,
          0.7071622500314402
        ],
        [
          0.6425463774347785,
          0.7765841407456888
        ],
        [
          0.6934809168175153,
          0.7796024838202215
        ],
        [
          0.6866896448998171,
          0.7056530784941739
        ]
      ],
      "height_mapping_roi": []
    },
    "spray": {
      "detection_roi": [
        [
          0.041666666666666664,
          0.8958333333333334
        ],
        [
          0.0625,
          0.016203703703703703
        ],
        [
          0.828125,
          0.009259259259259259
        ],
        [
          0.8372395833333334,
          0.8796296296296297
        ]
      ],
      "brightness_roi": [
        [
          0.7018229166666666,
          0.9398148148148148
        ],
        [
          0.703125,
          0.9861111111111112
        ],
        [
          0.78515625,
          0.9861111111111112
        ],
        [
          0.7825520833333334,
          0.9444444444444444
        ]
      ],
      "height_mapping_roi": []
    }
  }
}