{
  "areas": {
    "pickup": {
      "detection_roi": [
        [
          0.45026881720430106,
          0.2574671445639188
        ],
        [
          0.7007411104630442,
          0.24424225402616756
        ],
        [
          0.698756615917794,
          0.625366592858117
        ],
        [
          0.4529569892473118,
          0.5967741935483871
        ]
      ],
      "brightness_roi": [
        [
          0.6425463774347785,
          0.7071622500314402
        ],
        [
          0.6425463774347785,
          0.7765841407456888
        ],
        [
          0.6934809168175153,
          0.7796024838202215
        ],
        [
          0.6866896448998171,
          0.7056530784941739
        ]
      ],
      "height_mapping_roi": []
    },
    "spray": {
      "detection_roi": [
        [
          0.1275011299877081,
          0.7894684118432228
        ],
        [
          0.12643602527735268,
          0.023552225959909294
        ],
        [
          0.8278050315648643,
          0.01563366559253694
        ],
        [
          0.8178269977452357,
          0.7790620475554029
        ]
      ],
      "brightness_roi": [
        [
          0.7654813651604012,
          0.8854166137558868
        ],
        [
          0.7654813651604012,
          0.9367284460229403
        ],
        [
          0.818962631512275,
          0.9397467890974728
        ],
        [
          0.818962631512275,
          0.880889099144088
        ]
      ],
      "height_mapping_roi": []
    }
  }
}