{
  "areas": {
    "pickup": {
      "detection_roi": [
        [
          0.45026881720430106,
          0.2574671445639188
        ],
        [
          0.7007411104630442,
          0.24424225402616756
        ],
        [
          0.698756615917794,
          0.625366592858117
        ],
        [
          0.4529569892473118,
          0.5967741935483871
        ]
      ],
      "brightness_roi": [
        [
          0.6425463774347785,
          0.7071622500314402
        ],
        [
          0.6425463774347785,
          0.7765841407456888
        ],
        [
          0.6934809168175153,
          0.7796024838202215
        ],
        [
          0.6866896448998171,
          0.7056530784941739
        ]
      ],
      "height_mapping_roi": []
    },
    "spray": {
      "detection_roi": [
        [
          0.057291666666666664,
          0.8541666666666666
        ],
        [
          0.06510416666666667,
          0.023148148148148147
        ],
        [
          0.80078125,
          0.018518518518518517
        ],
        [
          0.8203125,
          0.8564814814814815
        ]
      ],
      "brightness_roi": [
        [
          0.7670983632984372,
          0.965453733205212
        ],
        [
          0.7694690202548929,
          0.9907407407407403
        ],
        [
          0.8275501156880594,
          0.9896871154267599
        ],
        [
          0.820438144818692,
          0.965453733205212
        ]
      ],
      "height_mapping_roi": []
    }
  }
}