{
  "areas": {
    "pickup": {
      "detection_roi": [
        [
          0.33175050376460324,
          0.27692713021966003
        ],
        [
          0.7173674909440904,
          0.27336587665840645
        ],
        [
          0.7158542425276893,
          0.7278938872873785
        ],
        [
          0.3317307692307693,
          0.7216880341880342
        ]
      ],
      "brightness_roi": [
        [
          0.6445888565070672,
          0.7431151266095457
        ],
        [
          0.6445888565070672,
          0.7997049249935605
        ],
        [
          0.7069035762318377,
          0.7997049249935605
        ],
        [
          0.7052850120831424,
          0.7435947011721221
        ]
      ],
      "height_mapping_roi": []
    },
    "spray": {
      "detection_roi": [
        [
          0.03763440860215054,
          0.8010752688172041
        ],
        [
          0.0625,
          0.016203703703703703
        ],
        [
          0.828125,
          0.009259259259259259
        ],
        [
          0.8413978494623656,
          0.8082437275985662
        ]
      ],
      "brightness_roi": [
        [
          0.7018229166666666,
          0.9398148148148148
        ],
        [
          0.703125,
          0.9861111111111112
        ],
        [
          0.78515625,
          0.9861111111111112
        ],
        [
          0.7825520833333334,
          0.9444444444444444
        ]
      ],
      "height_mapping_roi": []
    }
  }
}