{
  "r0_c0_neutral.png": [
    237.875715333074,
    -166.99975876075007,
    544.0196339189478,
    -0.14875719015494404,
    -0.054416017582045555,
    -0.0027827833854083216
  ],
  "r0_c0_rx+.png": [
    237.904676179738,
    -167.00224085049118,
    544.034719370782,
    29.849270225341932,
    -0.05814896401364491,
    -0.008651532803265749
  ],
  "r0_c0_rx-.png": [
    237.90760783669984,
    -167.0066908856181,
    544.0223709758501,
    -30.15773750921411,
    -0.05437942510992009,
    -0.0069432019964725
  ],
  "r0_c0_ry-.png": [
    237.888311517244,
    -166.99972322194245,
    544.010711905932,
    -0.15387266695935922,
    -30.055191950534866,
    -0.0038920191561847483
  ],
  "r0_c0_rz+.png": [
    237.90112642579257,
    -167.017285179469,
    544.0094651016758,
    -0.14524359443905524,
    -0.047874608225117854,
    30.00064030071571
  ],
  "r0_c0_rz-.png": [
    237.90850969940897,
    -167.0260648558353,
    544.0075425721845,
    -0.15068326829486053,
    -0.05017610099176421,
    -30.008760477018267
  ],
  "r0_c0_z-.png": [
    237.8979017629224,
    -167.00811842637304,
    394.0139462836475,
    -0.1549867041732412,
    -0.055561792361118516,
    0.0013444303340964597
  ],
  "r0_c1_neutral.png": [
    337.8982569570549,
    -166.99253896823558,
    544.0186355760053,
    -0.14833826345596238,
    -0.04899194355265382,
    -0.00628885726982963
  ],
  "r0_c1_rx-.png": [
    337.9068351783484,
    -166.99677271003745,
    544.0213319988657,
    -30.15533865942307,
    -0.05436613485664679,
    -0.005102188130708572
  ],
  "r0_c1_rz+.png": [
    337.9149643424193,
    -167.01977268968338,
    543.9994854247113,
    -0.14777654502345133,
    -0.0462051585344846,
    30.00082841412796
  ],
  "r0_c1_rz-.png": [
    337.89156459797096,
    -166.99759443470248,
    544.0311636556769,
    -0.15294646273664392,
    -0.05349588272814365,
    -30.00747576563566
  ],
  "r0_c1_z-.png": [
    337.8998228588254,
    -167.01209389126797,
    393.9996178054444,
    -0.1529293146790726,
    -0.054153631086798375,
    0.0013188629675373032
  ],
  "r0_c2_rx-.png": [
    437.8993582970298,
    -167.01680653714342,
    544.0195160507226,
    -30.156044110990862,
    -0.04947732561954229,
    -0.008170249444560955
  ],
  "r0_c2_z-.png": [
    437.8920326980038,
    -166.984180413573,
    393.9589077194666,
    -0.14793722330451364,
    -0.04055882664724533,
    -0.0053224691444132555
  ],
  "r1_c0_neutral.png": [
    237.88117925603188,
    -67.00625805025491,
    544.0454720773765,
    -0.15180162833409908,
    -0.058176367960277094,
    -0.006988465968009602
  ],
  "r1_c0_rx+.png": [
    237.9166844816349,
    -67.03480926730353,
    544.0085518687456,
    29.857459288762435,
    -0.05486071743235352,
    -0.0067004456012682845
  ],
  "r1_c0_rx-.png": [
    237.90843488434413,
    -67.01211869872816,
    544.0132114641658,
    -30.155319141986478,
    -0.05466132334412464,
    -0.0076725525516762125
  ],
  "r1_c0_ry-.png": [
    237.89048311560788,
    -66.99154146936998,
    544.0105684430666,
    -0.15173953080715502,
    -30.054837738199392,
    -0.004590734973933711
  ],
  "r1_c0_rz+.png": [
    237.90006460290982,
    -67.01252023518451,
    544.0244841032212,
    -0.14885981974101653,
    -0.04664208939605533,
    30.001301914612156
  ],
  "r1_c0_rz-.png": [
    237.89447637901316,
    -67.01878134763749,
    544.0228696522635,
    -0.15362919784254458,
    -0.051873166409723566,
    -30.009209415961013
  ],
  "r1_c0_z-.png": [
    237.90705746983537,
    -67.00042203126509,
    393.9937989124254,
    -0.15002789680453887,
    -0.05493969605558537,
    0.0007870401685103772
  ],
  "r1_c1_neutral.png": [
    337.8963891679893,
    -67.00371637448674,
    544.0101040222979,
    -0.1494420333554871,
    -0.04614370029432645,
    -0.006818917398240529
  ],
  "r1_c1_rx+.png": [
    337.91172627730214,
    -67.01410963677439,
    544.0289904290064,
    29.854040700737794,
    -0.058146920097224955,
    -0.005713918036506429
  ],
  "r1_c1_rx-.png": [
    337.9052775438162,
    -67.00775371523336,
    544.0037215069399,
    -30.154670142351495,
    -0.05144815900805009,
    -0.006555616911947485
  ],
  "r1_c1_rz+.png": [
    337.88512722991004,
    -67.0037234674217,
    544.0258139623014,
    -0.15275866787907266,
    -0.04537251735499624,
    30.000668790992435
  ],
  "r1_c1_rz-.png": [
    337.88138661507,
    -67.00938232662514,
    544.0263446770102,
    -0.15325578177171384,
    -0.05270709289597552,
    -30.01051165124012
  ],
  "r1_c1_z-.png": [
    337.895285491959,
    -66.99336859201773,
    393.9993420678395,
    -0.14940834026970473,
    -0.054341174797648294,
    0.00046746067418317505
  ],
  "r1_c2_rx-.png": [
    437.89725377310936,
    -67.02032322240473,
    544.0281412116349,
    -30.156158811888254,
    -0.050274979933717975,
    -0.008205989618295927
  ],
  "r1_c2_z-.png": [
    437.9019559084546,
    -66.99376935947589,
    393.9847627520171,
    -0.14916064661048475,
    -0.04782407525232407,
    -0.007734152149449286
  ],
  "r2_c0_neutral.png": [
    237.8729174421794,
    32.9964948314564,
    544.034306562742,
    -0.15218378419929773,
    -0.053406963954578314,
    -0.008373067456258735
  ],
  "r2_c0_rx+.png": [
    237.91153062183668,
    32.972794375883645,
    544.028325594206,
    29.85082317555041,
    -0.056532212705533935,
    -0.008612689267611153
  ],
  "r2_c0_rx-.png": [
    237.89738718440896,
    32.99853903248993,
    543.9985296645702,
    -30.15442920803362,
    -0.04488485254484185,
    -0.006130618170507756
  ],
  "r2_c0_ry-.png": [
    237.90534977071795,
    32.98173119659208,
    544.022595203514,
    -0.15649415021655233,
    -30.06049463233112,
    -0.0013647038266007873
  ],
  "r2_c0_rz+.png": [
    237.9042703368306,
    32.98396159963669,
    544.0226755711096,
    -0.15234584034940699,
    -0.04925461801355347,
    30.00294328395791
  ],
  "r2_c0_rz-.png": [
    237.91196944465239,
    32.982932851022774,
    544.0074166266918,
    -0.15267194059892342,
    -0.0500203422457998,
    -30.008895365295277
  ],
  "r2_c0_z-.png": [
    237.89547314075762,
    33.00224234362534,
    394.01721907516446,
    -0.15028371903797944,
    -0.05790066574011907,
    0.0014430443895157093
  ],
  "r2_c1_neutral.png": [
    337.9100312088821,
    32.98692433052656,
    543.9983102790411,
    -0.1495712750695879,
    -0.04494305616437272,
    -0.009015958815007939
  ],
  "r2_c1_rx+.png": [
    337.8959975915619,
    32.97676418382962,
    544.0086323978229,
    29.85530569752376,
    -0.05088898314681391,
    -0.008302429113284186
  ],
  "r2_c1_rx-.png": [
    337.8871966453507,
    33.00127674234367,
    544.0076843119523,
    -30.15459543511807,
    -0.05011870790700202,
    -0.008183966467008663
  ],
  "r2_c1_rz+.png": [
    337.90022810322404,
    32.98068807926173,
    544.0257865085748,
    -0.15370339828244278,
    -0.0494309879775022,
    30.000092464100703
  ],
  "r2_c1_rz-.png": [
    337.89590030034196,
    32.98661444789518,
    544.0264719457509,
    -0.15083959844449898,
    -0.054218678960700845,
    -30.010462625743425
  ],
  "r2_c1_z-.png": [
    337.891962349352,
    32.98979254994981,
    394.013658252241,
    -0.1514638493515194,
    -0.05727538466531328,
    -0.002290686181189175
  ],
  "r2_c2_rx-.png": [
    437.91235740533165,
    32.987590812252236,
    544.0052135366998,
    -30.15232861409122,
    -0.048633192118121914,
    -0.006440878998119983
  ],
  "r2_c2_z-.png": [
    437.8662837646607,
    32.99808482481557,
    394.02086115731413,
    -0.15307942898317073,
    -0.04979947486040524,
    -0.006328663858553974
  ],
  "gap_r0_c2_neutral.png": [
    14.159986428362126,
    -330.1793996310331,
    544.0148391679903,
    -0.14663097986726908,
    -0.05205888436670674,
    -0.007757347291430009
  ]
}