{
  "areas": {
    "paint": {
      "detection_roi": [
        [
          0.08723958333333333,
          0.018518518518518517
        ],
        [
          0.8372395833333334,
          0.02546296296296296
        ],
        [
          0.8333333333333334,
          0.9583333333333334
        ],
        [
          0.07795698924731183,
          0.9755077658303464
        ]
      ],
      "brightness_roi": [
        [
          0.9778645833333334,
          0.8078703703703703
        ],
        [
          0.9739583333333334,
          0.9583333333333334
        ],
        [
          0.8880208333333334,
          0.9513888888888888
        ],
        [
          0.88671875,
          0.8171296296296297
        ]
      ],
      "height_mapping_roi": []
    }
  }
}