{
  "areas": {
    "paint": {
      "detection_roi": [
        [
          0.059895833333333336,
          0.006944444444444444
        ],
        [
          0.94921875,
          0.0
        ],
        [
          0.9205729166666666,
          0.9722222222222222
        ],
        [
          0.06510416666666667,
          0.9861111111111112
        ]
      ],
      "brightness_roi": [
        [
          0.033399186100843366,
          0.8930058942934666
        ],
        [
          0.03292032096809327,
          0.9279098417472516
        ],
        [
          0.03659162031917737,
          0.9540168593549607
        ],
        [
          0.04856324863792987,
          0.9270585259556958
        ]
      ],
      "height_mapping_roi": []
    }
  }
}