{
  "areas": {
    "paint": {
      "detection_roi": [
        [
          0.04633050308129278,
          0.005066574066771584
        ],
        [
          0.946236559139785,
          0.0017921146953405694
        ],
        [
          0.9453125,
          0.9513888888888888
        ],
        [
          0.041666666666666664,
          0.8611111111111112
        ]
      ],
      "brightness_roi": [
        [
          0.9879340683327009,
          0.6671079339891021
        ],
        [
          0.9871636048218528,
          0.9396808027158171
        ],
        [
          0.9740657251374347,
          0.9383110898076427
        ],
        [
          0.9725247981157384,
          0.6616290823564043
        ]
      ],
      "height_mapping_roi": []
    }
  }
}