{
  "areas": {
    "paint": {
      "detection_roi": [
        [
          0.024193548387096774,
          0.010155316606929577
        ],
        [
          0.9879032258064516,
          0.010155316606929577
        ],
        [
          0.9919354838709677,
          0.9038231780167263
        ],
        [
          0.021505376344086023,
          0.8966547192353643
        ]
      ],
      "brightness_roi": [
        [
          0.9879340683327009,
          0.6671079339891021
        ],
        [
          0.9871636048218528,
          0.9396808027158171
        ],
        [
          0.9740657251374347,
          0.9383110898076427
        ],
        [
          0.9725247981157384,
          0.6616290823564043
        ]
      ],
      "height_mapping_roi": []
    }
  }
}