{
  "areas": {
    "paint": {
      "detection_roi": [
        [
          0.055989583333333336,
          0.034722222222222224
        ],
        [
          0.8372395833333334,
          0.02546296296296296
        ],
        [
          0.8293010752688172,
          0.9898446833930703
        ],
        [
          0.045572916666666664,
          0.9884259259259259
        ]
      ],
      "brightness_roi": [
        [
          0.9778645833333334,
          0.8078703703703703
        ],
        [
          0.9739583333333334,
          0.9583333333333334
        ],
        [
          0.8880208333333334,
          0.9513888888888888
        ],
        [
          0.88671875,
          0.8171296296296297
        ]
      ],
      "height_mapping_roi": []
    }
  }
}