{
  "areas": {
    "paint": {
      "detection_roi": [
        [
          0.043010752688172046,
          0.017323775388291583
        ],
        [
          0.956989247311828,
          0.010155316606929577
        ],
        [
          0.9623655913978495,
          0.9014336917562723
        ],
        [
          0.04704301075268817,
          0.9014336917562723
        ]
      ],
      "brightness_roi": [
        [
          0.9879340683327009,
          0.6671079339891021
        ],
        [
          0.9871636048218528,
          0.9396808027158171
        ],
        [
          0.9740657251374347,
          0.9383110898076427
        ],
        [
          0.9725247981157384,
          0.6616290823564043
        ]
      ],
      "height_mapping_roi": []
    }
  }
}