{
  "areas": {
    "paint": {
      "detection_roi": [
        [
          0.09895833333333333,
          0.027777777777777776
        ],
        [
          0.8776041666666666,
          0.006944444444444444
        ],
        [
          0.8802083333333334,
          0.8865740740740741
        ],
        [
          0.09505208333333333,
          0.9004629629629629
        ]
      ],
      "brightness_roi": [
        [
          0.9778645833333334,
          0.8078703703703703
        ],
        [
          0.9739583333333334,
          0.9583333333333334
        ],
        [
          0.8880208333333334,
          0.9513888888888888
        ],
        [
          0.88671875,
          0.8171296296296297
        ]
      ],
      "height_mapping_roi": []
    }
  }
}