{
  "areas": {
    "paint": {
      "detection_roi": [
        [
          0.04633050308129278,
          0.005066574066771584
        ],
        [
          0.94921875,
          0.0
        ],
        [
          0.94750163423547,
          0.9971248937266176
        ],
        [
          0.04247249246324811,
          0.994737446797586
        ]
      ],
      "brightness_roi": [
        [
          0.0018083610412815013,
          0.897886700386933
        ],
        [
          0.0016855751098071164,
          0.9694845413177742
        ],
        [
          0.008438801340898274,
          0.9707942579201676
        ],
        [
          0.007088156094680043,
          0.897886700386933
        ]
      ],
      "height_mapping_roi": []
    }
  }
}