stage,point_index,coordinate_space,a,b,z,rx,ry,rz
captured_px,0,px,530.1358032226562,249.51646423339844,,,,
captured_px,1,px,530.1361694335938,249.51661682128906,,,,
captured_px,2,px,530.1360473632812,249.51657104492188,,,,
captured_px,3,px,525.0,251.0,,,,
captured_px,4,px,524.0,252.0,,,,
captured_px,5,px,518.996826171875,252.9695587158203,,,,
captured_px,6,px,518.9969482421875,252.96951293945312,,,,
captured_px,7,px,518.9967651367188,252.96958923339844,,,,
captured_px,8,px,518.9957885742188,252.9700164794922,,,,
captured_px,9,px,518.9959716796875,252.96994018554688,,,,
captured_px,10,px,518.9959106445312,252.96995544433594,,,,
captured_px,11,px,518.9957885742188,252.9700164794922,,,,
captured_px,12,px,518.995849609375,252.96998596191406,,,,
captured_px,13,px,513.0,256.0,,,,
captured_px,14,px,514.1190795898438,255.0602264404297,,,,
captured_px,15,px,509.7710266113281,256.79901123046875,,,,
captured_px,16,px,509.7688903808594,256.79949951171875,,,,
captured_px,17,px,504.660400390625,258.3349304199219,,,,
captured_px,18,px,504.6575622558594,258.33575439453125,,,,
captured_px,19,px,503.5371398925781,258.68243408203125,,,,
captured_px,20,px,503.5373840332031,258.6823425292969,,,,
captured_px,21,px,503.5374450683594,258.6823425292969,,,,
captured_px,22,px,500.31976318359375,259.871337890625,,,,
captured_px,23,px,497.7039794921875,260.9062805175781,,,,
captured_px,24,px,495.43475341796875,261.7583923339844,,,,
captured_px,25,px,495.43475341796875,261.7583923339844,,,,
captured_px,26,px,495.4345397949219,261.75848388671875,,,,
captured_px,27,px,495.433837890625,261.75872802734375,,,,
captured_px,28,px,495.4339904785156,261.7586669921875,,,,
captured_px,29,px,490.0,264.0,,,,
captured_px,30,px,489.0,265.0,,,,
captured_px,31,px,487.0,265.0,,,,
captured_px,32,px,486.0,266.0,,,,
captured_px,33,px,483.4647521972656,266.03155517578125,,,,
captured_px,34,px,483.4648132324219,266.0315246582031,,,,
captured_px,35,px,480.84710693359375,266.8288879394531,,,,
captured_px,36,px,480.8471374511719,266.8288879394531,,,,
captured_px,37,px,477.8766784667969,267.88037109375,,,,
captured_px,38,px,478.00823974609375,267.82977294921875,,,,
captured_px,39,px,477.8800354003906,267.8790588378906,,,,
captured_px,40,px,475.5947265625,268.7308654785156,,,,
captured_px,41,px,475.5947265625,268.7308654785156,,,,
captured_px,42,px,475.59454345703125,268.73095703125,,,,
captured_px,43,px,470.0,271.0,,,,
captured_px,44,px,469.0,272.0,,,,
captured_px,45,px,463.3177185058594,273.1859436035156,,,,
captured_px,46,px,463.3177185058594,273.1859436035156,,,,
captured_px,47,px,463.3177490234375,273.1859436035156,,,,
captured_px,48,px,461.2958068847656,273.9359436035156,,,,
captured_px,49,px,461.2781066894531,273.9419860839844,,,,
captured_px,50,px,461.297119140625,273.93548583984375,,,,
captured_px,51,px,461.2975158691406,273.9353332519531,,,,
captured_px,52,px,461.2896423339844,273.9380187988281,,,,
captured_px,53,px,456.0,276.0,,,,
captured_px,54,px,450.94415283203125,277.8035583496094,,,,
captured_px,55,px,450.94415283203125,277.8035583496094,,,,
captured_px,56,px,450.94415283203125,277.8035583496094,,,,
captured_px,57,px,450.94415283203125,277.8035583496094,,,,
captured_px,58,px,450.944091796875,277.8035583496094,,,,
captured_px,59,px,450.94403076171875,277.80352783203125,,,,
captured_px,60,px,450.944091796875,277.8035583496094,,,,
captured_px,61,px,440.0050354003906,281.5998229980469,,,,
captured_px,62,px,440.0047302246094,281.5999450683594,,,,
captured_px,63,px,440.0047302246094,281.5999450683594,,,,
captured_px,64,px,440.0048828125,281.5998840332031,,,,
captured_px,65,px,439.6109313964844,281.7371826171875,,,,
captured_px,66,px,439.6104431152344,281.7373352050781,,,,
captured_px,67,px,431.67486572265625,284.1314697265625,,,,
captured_px,68,px,431.6746826171875,284.13153076171875,,,,
captured_px,69,px,431.675048828125,284.1313781738281,,,,
captured_px,70,px,431.6731872558594,284.132080078125,,,,
captured_px,71,px,431.6732482910156,284.1320495605469,,,,
captured_px,72,px,431.67327880859375,284.1320495605469,,,,
captured_px,73,px,431.6732482910156,284.1320495605469,,,,
captured_px,74,px,422.813232421875,286.93975830078125,,,,
captured_px,75,px,422.81329345703125,286.9398498535156,,,,
captured_px,76,px,422.813232421875,286.9400329589844,,,,
captured_px,77,px,422.813232421875,286.9400329589844,,,,
captured_px,78,px,422.813232421875,286.94000244140625,,,,
captured_px,79,px,421.7060241699219,287.41455078125,,,,
captured_px,80,px,420.8885803222656,287.7358703613281,,,,
captured_px,81,px,418.4035949707031,288.78997802734375,,,,
captured_px,82,px,413.0,291.0,,,,
captured_px,83,px,412.0,291.0,,,,
captured_px,84,px,411.0,292.0,,,,
captured_px,85,px,409.0,292.0,,,,
captured_px,86,px,408.0,293.0,,,,
captured_px,87,px,406.4764709472656,292.8670959472656,,,,
captured_px,88,px,406.47607421875,292.8672180175781,,,,
captured_px,89,px,403.4107360839844,293.98846435546875,,,,
captured_px,90,px,403.40924072265625,293.98895263671875,,,,
captured_px,91,px,403.4089050292969,293.9890441894531,,,,
captured_px,92,px,403.4087829589844,293.9890441894531,,,,
captured_px,93,px,398.0,296.0,,,,
captured_px,94,px,397.0,297.0,,,,
captured_px,95,px,395.0,297.0,,,,
captured_px,96,px,394.0,298.0,,,,
captured_px,97,px,392.0,298.0,,,,
captured_px,98,px,391.0,299.0,,,,
captured_px,99,px,385.6433410644531,300.2662048339844,,,,
captured_px,100,px,385.6434020996094,300.2662048339844,,,,
captured_px,101,px,385.6435546875,300.2661437988281,,,,
captured_px,102,px,385.6407165527344,300.2669677734375,,,,
captured_px,103,px,385.64068603515625,300.2669982910156,,,,
captured_px,104,px,384.7655334472656,300.5093078613281,,,,
captured_px,105,px,384.5997314453125,300.55242919921875,,,,
captured_px,106,px,384.4501647949219,300.5928955078125,,,,
captured_px,107,px,378.0,303.0,,,,
captured_px,108,px,377.0,304.0,,,,
captured_px,109,px,375.0,304.0,,,,
captured_px,110,px,374.0,305.0,,,,
captured_px,111,px,368.7449035644531,305.7654113769531,,,,
captured_px,112,px,368.7449951171875,305.765380859375,,,,
captured_px,113,px,368.7447814941406,305.76544189453125,,,,
captured_px,114,px,368.7449951171875,305.765380859375,,,,
captured_px,115,px,368.74481201171875,305.76544189453125,,,,
captured_px,116,px,368.7449951171875,305.765380859375,,,,
captured_px,117,px,363.0,308.0,,,,
captured_px,118,px,362.0,309.0,,,,
captured_px,119,px,360.0,309.0,,,,
captured_px,120,px,359.0,310.0,,,,
captured_px,121,px,352.87921142578125,311.1597900390625,,,,
captured_px,122,px,352.87884521484375,311.159912109375,,,,
captured_px,123,px,352.87921142578125,311.1597900390625,,,,
captured_px,124,px,352.879150390625,311.1597900390625,,,,
captured_px,125,px,351.0,312.0,,,,
captured_px,126,px,350.0,313.0,,,,
captured_px,127,px,348.0,313.0,,,,
captured_px,128,px,342.58673095703125,315.937255859375,,,,
captured_px,129,px,342.58673095703125,315.9372863769531,,,,
captured_px,130,px,342.5866394042969,315.9374694824219,,,,
captured_px,131,px,342.5863952636719,315.93792724609375,,,,
captured_px,132,px,342.5864562988281,315.9378356933594,,,,
captured_px,133,px,342.58642578125,315.93792724609375,,,,
captured_px,134,px,344.0,321.0,,,,
captured_px,135,px,345.0,322.0,,,,
captured_px,136,px,344.850341796875,324.47998046875,,,,
captured_px,137,px,344.850341796875,324.47991943359375,,,,
captured_px,138,px,344.850341796875,324.47991943359375,,,,
captured_px,139,px,345.8471984863281,327.05938720703125,,,,
captured_px,140,px,347.0,330.0,,,,
captured_px,141,px,349.1499328613281,335.7134094238281,,,,
captured_px,142,px,349.1498718261719,335.71319580078125,,,,
captured_px,143,px,349.14990234375,335.71319580078125,,,,
captured_px,144,px,349.1499328613281,335.71331787109375,,,,
captured_px,145,px,349.14990234375,335.7132568359375,,,,
captured_px,146,px,349.7821044921875,337.6578369140625,,,,
captured_px,147,px,349.7821044921875,337.6579895019531,,,,
captured_px,148,px,350.9818115234375,340.9482421875,,,,
captured_px,149,px,350.9818115234375,340.9482421875,,,,
captured_px,150,px,351.8977966308594,343.3541259765625,,,,
captured_px,151,px,351.8978271484375,343.354248046875,,,,
captured_px,152,px,353.0,346.0,,,,
captured_px,153,px,354.0,347.0,,,,
captured_px,154,px,354.0,349.0,,,,
captured_px,155,px,355.0,350.0,,,,
captured_px,156,px,356.737060546875,356.525146484375,,,,
captured_px,157,px,356.737060546875,356.5249938964844,,,,
captured_px,158,px,356.737060546875,356.5251159667969,,,,
captured_px,159,px,356.737060546875,356.5250549316406,,,,
captured_px,160,px,356.737060546875,356.5252685546875,,,,
captured_px,161,px,356.737060546875,356.5252990722656,,,,
captured_px,162,px,356.737060546875,356.52532958984375,,,,
captured_px,163,px,356.737060546875,356.52532958984375,,,,
captured_px,164,px,359.0,363.0,,,,
captured_px,165,px,360.0,364.0,,,,
captured_px,166,px,360.0,366.0,,,,
captured_px,167,px,360.14776611328125,367.1992492675781,,,,
captured_px,168,px,360.8876037597656,369.62774658203125,,,,
captured_px,169,px,360.88775634765625,369.6282958984375,,,,
captured_px,170,px,360.8877258300781,369.6282043457031,,,,
captured_px,171,px,361.8218994140625,372.57745361328125,,,,
captured_px,172,px,362.9014587402344,375.6864929199219,,,,
captured_px,173,px,364.0,377.0,,,,
captured_px,174,px,364.0,378.0,,,,
captured_px,175,px,365.0,379.0,,,,
captured_px,176,px,365.7894592285156,384.61358642578125,,,,
captured_px,177,px,365.7893981933594,384.6133728027344,,,,
captured_px,178,px,365.7898254394531,384.61492919921875,,,,
captured_px,179,px,365.78985595703125,384.6149597167969,,,,
captured_px,180,px,365.7898254394531,384.6148376464844,,,,
captured_px,181,px,365.78985595703125,384.6149597167969,,,,
captured_px,182,px,368.0,390.0,,,,
captured_px,183,px,369.0,391.0,,,,
captured_px,184,px,369.0,393.0,,,,
captured_px,185,px,370.0,394.0,,,,
captured_px,186,px,369.81463623046875,396.16876220703125,,,,
captured_px,187,px,369.814697265625,396.1688232421875,,,,
captured_px,188,px,372.09466552734375,402.3906555175781,,,,
captured_px,189,px,372.0946350097656,402.3906555175781,,,,
captured_px,190,px,372.094482421875,402.39007568359375,,,,
captured_px,191,px,372.0947570800781,402.3908996582031,,,,
captured_px,192,px,372.9539489746094,404.5818786621094,,,,
captured_px,193,px,372.9538269042969,404.5813903808594,,,,
captured_px,194,px,372.9538269042969,404.5814514160156,,,,
captured_px,195,px,372.9538269042969,404.5813293457031,,,,
captured_px,196,px,376.2315673828125,415.5679016113281,,,,
captured_px,197,px,376.2315979003906,415.5679016113281,,,,
captured_px,198,px,376.2315979003906,415.56787109375,,,,
captured_px,199,px,376.2315673828125,415.5679626464844,,,,
captured_px,200,px,376.2315673828125,415.5680236816406,,,,
captured_px,201,px,376.2315673828125,415.5679931640625,,,,
captured_px,202,px,376.2315673828125,415.5679931640625,,,,
captured_px,203,px,379.0,421.0,,,,
captured_px,204,px,379.0,422.0,,,,
captured_px,205,px,380.0,423.0,,,,
captured_px,206,px,380.0,426.0,,,,
captured_px,207,px,381.0,427.0,,,,
captured_px,208,px,381.0,428.0,,,,
captured_px,209,px,382.0,429.0,,,,
captured_px,210,px,382.0,431.0,,,,
captured_px,211,px,383.0,432.0,,,,
captured_px,212,px,383.0,434.0,,,,
captured_px,213,px,384.0,435.0,,,,
captured_px,214,px,384.0384216308594,437.2994079589844,,,,
captured_px,215,px,384.0389099121094,437.30120849609375,,,,
captured_px,216,px,384.8276672363281,439.5543518066406,,,,
captured_px,217,px,384.82763671875,439.55426025390625,,,,
captured_px,218,px,384.82763671875,439.5542907714844,,,,
captured_px,219,px,384.8276672363281,439.55438232421875,,,,
captured_px,220,px,387.0045166015625,446.3916931152344,,,,
captured_px,221,px,388.0346984863281,449.7503662109375,,,,
captured_px,222,px,388.0347595214844,449.7506408691406,,,,
captured_px,223,px,388.03460693359375,449.75006103515625,,,,
captured_px,224,px,388.0346374511719,449.7502136230469,,,,
captured_px,225,px,388.03460693359375,449.7501525878906,,,,
captured_px,226,px,390.0,455.0,,,,
captured_px,227,px,391.0,456.0,,,,
captured_px,228,px,391.0,457.0,,,,
captured_px,229,px,392.0,458.0,,,,
captured_px,230,px,392.86700439453125,463.3922119140625,,,,
captured_px,231,px,392.8669738769531,463.3921203613281,,,,
captured_px,232,px,392.86700439453125,463.39215087890625,,,,
captured_px,233,px,392.8670349121094,463.3922424316406,,,,
captured_px,234,px,392.86700439453125,463.3922119140625,,,,
captured_px,235,px,392.8669738769531,463.3921203613281,,,,
captured_px,236,px,394.85711669921875,469.3168640136719,,,,
captured_px,237,px,394.8570556640625,469.3166809082031,,,,
captured_px,238,px,396.02703857421875,472.6377868652344,,,,
captured_px,239,px,396.02716064453125,472.6379699707031,,,,
captured_px,240,px,397.46697998046875,476.7702331542969,,,,
captured_px,241,px,397.9772033691406,478.3770751953125,,,,
captured_px,242,px,397.9773864746094,478.3777160644531,,,,
captured_px,243,px,397.9772033691406,478.37713623046875,,,,
captured_px,244,px,398.794677734375,480.7444763183594,,,,
captured_px,245,px,398.794677734375,480.74444580078125,,,,
captured_px,246,px,398.794677734375,480.744384765625,,,,
captured_px,247,px,398.7947692871094,480.74468994140625,,,,
captured_px,248,px,400.9500427246094,487.1118469238281,,,,
captured_px,249,px,400.9501037597656,487.1120910644531,,,,
captured_px,250,px,400.95013427734375,487.1121520996094,,,,
captured_px,251,px,400.95013427734375,487.1121520996094,,,,
captured_px,252,px,400.95013427734375,487.1122131347656,,,,
captured_px,253,px,404.0,493.0,,,,
captured_px,254,px,404.0,495.0,,,,
captured_px,255,px,405.0,496.0,,,,
captured_px,256,px,405.0,498.0,,,,
captured_px,257,px,406.0,499.0,,,,
captured_px,258,px,406.0,501.0,,,,
captured_px,259,px,407.9839782714844,506.50897216796875,,,,
captured_px,260,px,407.9840087890625,506.50909423828125,,,,
captured_px,261,px,407.9839782714844,506.5090026855469,,,,
captured_px,262,px,407.9840087890625,506.50909423828125,,,,
captured_px,263,px,407.9840393066406,506.50921630859375,,,,
captured_px,264,px,407.9840393066406,506.50927734375,,,,
captured_px,265,px,409.8588562011719,512.756591796875,,,,
captured_px,266,px,409.8588562011719,512.756591796875,,,,
captured_px,267,px,409.85919189453125,512.7576904296875,,,,
captured_px,268,px,409.8588562011719,512.7566528320312,,,,
captured_px,269,px,409.85888671875,512.7566528320312,,,,
captured_px,270,px,409.85888671875,512.7566528320312,,,,
captured_px,271,px,413.0,518.0,,,,
captured_px,272,px,413.0,520.0,,,,
captured_px,273,px,414.0,521.0,,,,
captured_px,274,px,414.99212646484375,527.05859375,,,,
captured_px,275,px,414.99212646484375,527.0585327148438,,,,
captured_px,276,px,414.9921569824219,527.05859375,,,,
captured_px,277,px,414.99267578125,527.0595092773438,,,,
captured_px,278,px,415.8563537597656,529.5970458984375,,,,
captured_px,279,px,415.8564147949219,529.59716796875,,,,
captured_px,280,px,416.7084655761719,532.3531494140625,,,,
captured_px,281,px,416.7107238769531,532.3618774414062,,,,
captured_px,282,px,418.0,536.0,,,,
captured_px,283,px,419.0,537.0,,,,
captured_px,284,px,420.920654296875,542.6881103515625,,,,
captured_px,285,px,420.9211120605469,542.6884765625,,,,
captured_px,286,px,420.921142578125,542.6884765625,,,,
captured_px,287,px,420.921142578125,542.6884765625,,,,
captured_px,288,px,426.0,543.0,,,,
captured_px,289,px,427.0,542.0,,,,
captured_px,290,px,430.0,542.0,,,,
captured_px,291,px,431.0,541.0,,,,
captured_px,292,px,433.0,541.0,,,,
captured_px,293,px,433.68292236328125,541.176025390625,,,,
captured_px,294,px,436.0,540.0,,,,
captured_px,295,px,437.0,539.0,,,,
captured_px,296,px,439.0,539.0,,,,
captured_px,297,px,440.0,538.0,,,,
captured_px,298,px,442.0,538.0,,,,
captured_px,299,px,443.0,537.0,,,,
captured_px,300,px,448.293212890625,536.0082397460938,,,,
captured_px,301,px,448.2935485839844,536.0082397460938,,,,
captured_px,302,px,448.2923583984375,536.008544921875,,,,
captured_px,303,px,448.29248046875,536.008544921875,,,,
captured_px,304,px,451.6509094238281,535.0376586914062,,,,
captured_px,305,px,451.6510925292969,535.03759765625,,,,
captured_px,306,px,454.93304443359375,533.8682250976562,,,,
captured_px,307,px,457.84637451171875,532.8146362304688,,,,
captured_px,308,px,457.8462829589844,532.814697265625,,,,
captured_px,309,px,460.7377624511719,531.8345947265625,,,,
captured_px,310,px,460.7377624511719,531.8345947265625,,,,
captured_px,311,px,464.086181640625,530.7315673828125,,,,
captured_px,312,px,464.08465576171875,530.73193359375,,,,
captured_px,313,px,464.0,530.0,,,,
captured_px,314,px,466.0,530.0,,,,
captured_px,315,px,467.0,529.0,,,,
captured_px,316,px,472.53045654296875,528.0057983398438,,,,
captured_px,317,px,472.53057861328125,528.0057983398438,,,,
captured_px,318,px,472.5309143066406,528.0057373046875,,,,
captured_px,319,px,472.5303039550781,528.005859375,,,,
captured_px,320,px,472.53021240234375,528.0059204101562,,,,
captured_px,321,px,474.9642333984375,527.26318359375,,,,
captured_px,322,px,474.96588134765625,527.2622680664062,,,,
captured_px,323,px,478.3287658691406,526.2373046875,,,,
captured_px,324,px,478.3273620605469,526.2377319335938,,,,
captured_px,325,px,481.3465270996094,525.165283203125,,,,
captured_px,326,px,484.23968505859375,524.1068725585938,,,,
captured_px,327,px,484.23974609375,524.1068725585938,,,,
captured_px,328,px,487.0,523.0,,,,
captured_px,329,px,488.0,522.0,,,,
captured_px,330,px,494.20953369140625,520.939208984375,,,,
captured_px,331,px,494.2110290527344,520.938720703125,,,,
captured_px,332,px,494.2095947265625,520.939208984375,,,,
captured_px,333,px,494.21136474609375,520.9385986328125,,,,
captured_px,334,px,496.8934020996094,520.0423583984375,,,,
captured_px,335,px,496.89337158203125,520.0423583984375,,,,
captured_px,336,px,499.5350646972656,519.101318359375,,,,
captured_px,337,px,499.5357666015625,519.1010131835938,,,,
captured_px,338,px,501.76416015625,518.2760620117188,,,,
captured_px,339,px,501.7640380859375,518.276123046875,,,,
captured_px,340,px,501.76446533203125,518.27587890625,,,,
captured_px,341,px,501.7640380859375,518.276123046875,,,,
captured_px,342,px,508.70452880859375,515.9368896484375,,,,
captured_px,343,px,508.7059020996094,515.9365234375,,,,
captured_px,344,px,511.5691223144531,514.934814453125,,,,
captured_px,345,px,511.5677490234375,514.935302734375,,,,
captured_px,346,px,514.0,514.0,,,,
captured_px,347,px,515.0,513.0,,,,
captured_px,348,px,520.4727783203125,511.9079895019531,,,,
captured_px,349,px,520.4727172851562,511.9080505371094,,,,
captured_px,350,px,520.4728393554688,511.9080505371094,,,,
captured_px,351,px,520.472412109375,511.90802001953125,,,,
captured_px,352,px,520.4722900390625,511.907958984375,,,,
captured_px,353,px,522.64501953125,511.3306884765625,,,,
captured_px,354,px,527.3175048828125,510.1300964355469,,,,
captured_px,355,px,527.3175048828125,510.1300964355469,,,,
captured_px,356,px,530.0,509.0,,,,
captured_px,357,px,531.0,508.0,,,,
captured_px,358,px,536.5185546875,506.8309020996094,,,,
captured_px,359,px,536.5187377929688,506.8308410644531,,,,
captured_px,360,px,536.5181274414062,506.8310546875,,,,
captured_px,361,px,536.518310546875,506.83099365234375,,,,
captured_px,362,px,539.6820678710938,505.9310302734375,,,,
captured_px,363,px,539.6829833984375,505.9307556152344,,,,
captured_px,364,px,539.6832275390625,505.9306640625,,,,
captured_px,365,px,539.852783203125,505.884033203125,,,,
captured_px,366,px,545.0,504.0,,,,
captured_px,367,px,546.0,503.0,,,,
captured_px,368,px,548.0,503.0,,,,
captured_px,369,px,549.0,502.0,,,,
captured_px,370,px,550.0,502.0,,,,
captured_px,371,px,551.0,501.0,,,,
captured_px,372,px,553.0,501.0,,,,
captured_px,373,px,554.0,500.0,,,,
captured_px,374,px,557.1405639648438,499.7653503417969,,,,
captured_px,375,px,560.3900146484375,498.7626953125,,,,
captured_px,376,px,560.3900756835938,498.7626953125,,,,
captured_px,377,px,562.4968872070312,498.11798095703125,,,,
captured_px,378,px,562.496826171875,498.11798095703125,,,,
captured_px,379,px,562.496826171875,498.11798095703125,,,,
captured_px,380,px,562.496826171875,498.11798095703125,,,,
captured_px,381,px,562.4968872070312,498.11798095703125,,,,
captured_px,382,px,562.496826171875,498.11798095703125,,,,
captured_px,383,px,568.0,495.0,,,,
captured_px,384,px,570.0,495.0,,,,
captured_px,385,px,571.0,494.0,,,,
captured_px,386,px,573.0,494.0,,,,
captured_px,387,px,573.3211059570312,494.2119140625,,,,
captured_px,388,px,573.3209838867188,494.2119445800781,,,,
captured_px,389,px,573.3209838867188,494.2119445800781,,,,
captured_px,390,px,573.3209838867188,494.21197509765625,,,,
captured_px,391,px,579.0,491.0,,,,
captured_px,392,px,581.0,491.0,,,,
captured_px,393,px,582.0,490.0,,,,
captured_px,394,px,587.4241333007812,488.8303527832031,,,,
captured_px,395,px,587.4241333007812,488.8303527832031,,,,
captured_px,396,px,587.424560546875,488.8302307128906,,,,
captured_px,397,px,587.4257202148438,488.8298645019531,,,,
captured_px,398,px,587.4259033203125,488.8298034667969,,,,
captured_px,399,px,587.4256591796875,488.8298645019531,,,,
captured_px,400,px,587.4259033203125,488.82977294921875,,,,
captured_px,401,px,593.0,486.0,,,,
captured_px,402,px,595.0,486.0,,,,
captured_px,403,px,596.0,485.0,,,,
captured_px,404,px,597.0,485.0,,,,
captured_px,405,px,598.0,484.0,,,,
captured_px,406,px,600.0,484.0,,,,
captured_px,407,px,601.0,483.0,,,,
captured_px,408,px,602.0,483.0,,,,
captured_px,409,px,603.0,482.0,,,,
captured_px,410,px,608.2911376953125,480.8011474609375,,,,
captured_px,411,px,608.291259765625,480.8007507324219,,,,
captured_px,412,px,608.291259765625,480.80072021484375,,,,
captured_px,413,px,608.291259765625,480.8006591796875,,,,
captured_px,414,px,606.0,473.0,,,,
captured_px,415,px,605.0,472.0,,,,
captured_px,416,px,605.0,470.0,,,,
captured_px,417,px,604.0,469.0,,,,
captured_px,418,px,604.0,467.0,,,,
captured_px,419,px,603.0,466.0,,,,
captured_px,420,px,603.0,463.0,,,,
captured_px,421,px,602.0,462.0,,,,
captured_px,422,px,602.0,460.0,,,,
captured_px,423,px,601.0,459.0,,,,
captured_px,424,px,601.0,458.0,,,,
captured_px,425,px,600.0,457.0,,,,
captured_px,426,px,600.0,455.0,,,,
captured_px,427,px,599.0,454.0,,,,
captured_px,428,px,599.0,452.0,,,,
captured_px,429,px,598.0,451.0,,,,
captured_px,430,px,598.0,449.0,,,,
captured_px,431,px,597.0,448.0,,,,
captured_px,432,px,597.0,446.0,,,,
captured_px,433,px,596.0,445.0,,,,
captured_px,434,px,594.9207153320312,438.2882385253906,,,,
captured_px,435,px,594.9207153320312,438.2882080078125,,,,
captured_px,436,px,594.9207153320312,438.2882080078125,,,,
captured_px,437,px,594.9207153320312,438.2882385253906,,,,
captured_px,438,px,593.8787841796875,435.24920654296875,,,,
captured_px,439,px,593.0,436.0,,,,
captured_px,440,px,593.0,434.0,,,,
captured_px,441,px,592.0,433.0,,,,
captured_px,442,px,592.0,431.0,,,,
captured_px,443,px,591.0,430.0,,,,
captured_px,444,px,591.0,428.0,,,,
captured_px,445,px,590.0,427.0,,,,
captured_px,446,px,590.0,425.0,,,,
captured_px,447,px,589.0,424.0,,,,
captured_px,448,px,589.0,422.0,,,,
captured_px,449,px,588.0,421.0,,,,
captured_px,450,px,586.8408813476562,414.41827392578125,,,,
captured_px,451,px,586.8407592773438,414.41796875,,,,
captured_px,452,px,586.8408813476562,414.4183044433594,,,,
captured_px,453,px,586.8408203125,414.4182434082031,,,,
captured_px,454,px,586.8407592773438,414.41796875,,,,
captured_px,455,px,584.8242797851562,407.9493408203125,,,,
captured_px,456,px,584.82421875,407.9490966796875,,,,
captured_px,457,px,584.8238525390625,407.9482116699219,,,,
captured_px,458,px,584.0,407.0,,,,
captured_px,459,px,583.0,406.0,,,,
captured_px,460,px,583.0,404.0,,,,
captured_px,461,px,582.0,403.0,,,,
captured_px,462,px,582.0,401.0,,,,
captured_px,463,px,580.7578125,395.605224609375,,,,
captured_px,464,px,580.7577514648438,395.6050720214844,,,,
captured_px,465,px,580.7574462890625,395.6042785644531,,,,
captured_px,466,px,579.8296508789062,393.1678771972656,,,,
captured_px,467,px,579.8298950195312,393.16864013671875,,,,
captured_px,468,px,579.0,392.0,,,,
captured_px,469,px,578.0,391.0,,,,
captured_px,470,px,578.0,389.0,,,,
captured_px,471,px,577.0,388.0,,,,
captured_px,472,px,577.0,386.0,,,,
captured_px,473,px,576.0,385.0,,,,
captured_px,474,px,576.0,383.0,,,,
captured_px,475,px,575.0,382.0,,,,
captured_px,476,px,575.0,380.0,,,,
captured_px,477,px,574.0,379.0,,,,
captured_px,478,px,574.0,376.0,,,,
captured_px,479,px,573.0,375.0,,,,
captured_px,480,px,573.0,374.0,,,,
captured_px,481,px,572.0,373.0,,,,
captured_px,482,px,572.0,371.0,,,,
captured_px,483,px,571.0,370.0,,,,
captured_px,484,px,571.0,368.0,,,,
captured_px,485,px,570.0,367.0,,,,
captured_px,486,px,570.0,365.0,,,,
captured_px,487,px,569.0,364.0,,,,
captured_px,488,px,569.0,362.0,,,,
captured_px,489,px,568.0,361.0,,,,
captured_px,490,px,568.0,359.0,,,,
captured_px,491,px,567.0,358.0,,,,
captured_px,492,px,567.0,356.0,,,,
captured_px,493,px,566.0,355.0,,,,
captured_px,494,px,566.0,354.0,,,,
captured_px,495,px,565.0,353.0,,,,
captured_px,496,px,565.0,351.0,,,,
captured_px,497,px,564.0,350.0,,,,
captured_px,498,px,564.0,347.0,,,,
captured_px,499,px,563.0,346.0,,,,
captured_px,500,px,563.0,345.0,,,,
captured_px,501,px,562.0,344.0,,,,
captured_px,502,px,562.0,341.0,,,,
captured_px,503,px,561.0,340.0,,,,
captured_px,504,px,561.0,338.0,,,,
captured_px,505,px,560.0,337.0,,,,
captured_px,506,px,558.9349365234375,331.3197326660156,,,,
captured_px,507,px,558.9349365234375,331.31982421875,,,,
captured_px,508,px,558.9349365234375,331.3196716308594,,,,
captured_px,509,px,558.9349365234375,331.3197021484375,,,,
captured_px,510,px,558.035400390625,328.63134765625,,,,
captured_px,511,px,558.0354614257812,328.6314697265625,,,,
captured_px,512,px,557.0,326.0,,,,
captured_px,513,px,556.0,325.0,,,,
captured_px,514,px,556.0,323.0,,,,
captured_px,515,px,555.0,322.0,,,,
captured_px,516,px,555.0,321.0,,,,
captured_px,517,px,554.0,320.0,,,,
captured_px,518,px,554.0,318.0,,,,
captured_px,519,px,553.0,317.0,,,,
captured_px,520,px,553.0,314.0,,,,
captured_px,521,px,552.0,313.0,,,,
captured_px,522,px,550.780517578125,307.26007080078125,,,,
captured_px,523,px,550.780517578125,307.25994873046875,,,,
captured_px,524,px,550.7805786132812,307.26019287109375,,,,
captured_px,525,px,550.7804565429688,307.2597351074219,,,,
captured_px,526,px,550.0,306.0,,,,
captured_px,527,px,549.0,305.0,,,,
captured_px,528,px,547.9133911132812,297.2032775878906,,,,
captured_px,529,px,547.9133911132812,297.203369140625,,,,
captured_px,530,px,547.9133911132812,297.2033996582031,,,,
captured_px,531,px,547.9134521484375,297.2033996582031,,,,
captured_px,532,px,547.9134521484375,297.203369140625,,,,
captured_px,533,px,547.9134521484375,297.2033386230469,,,,
captured_px,534,px,545.965576171875,292.2506103515625,,,,
captured_px,535,px,545.9656372070312,292.2509460449219,,,,
captured_px,536,px,545.0,290.0,,,,
captured_px,537,px,544.0,289.0,,,,
captured_px,538,px,542.9126586914062,282.8661804199219,,,,
captured_px,539,px,542.9155883789062,282.8724670410156,,,,
captured_px,540,px,542.913330078125,282.86846923828125,,,,
captured_px,541,px,542.9132690429688,282.86834716796875,,,,
captured_px,542,px,542.1127319335938,280.4183349609375,,,,
captured_px,543,px,542.1126708984375,280.4181823730469,,,,
captured_px,544,px,539.8607177734375,273.6749267578125,,,,
captured_px,545,px,539.8607177734375,273.6749267578125,,,,
captured_px,546,px,539.8606567382812,273.6748046875,,,,
captured_px,547,px,539.8604736328125,273.67413330078125,,,,
captured_px,548,px,539.8607788085938,273.67523193359375,,,,
captured_px,549,px,539.8606567382812,273.6746826171875,,,,
captured_px,550,px,538.0,266.0,,,,
captured_px,551,px,537.0,265.0,,,,
captured_px,552,px,536.0806274414062,258.5317687988281,,,,
captured_px,553,px,536.0806274414062,258.5317687988281,,,,
captured_px,554,px,536.0806274414062,258.5316467285156,,,,
captured_px,555,px,536.0806884765625,258.53173828125,,,,
captured_px,556,px,535.0,257.0,,,,
captured_px,557,px,534.0,256.0,,,,
captured_px,558,px,534.0,255.0,,,,
captured_px,559,px,530.1358032226562,249.51646423339844,,,,
source_prepared_px,0,px,530.1358032226562,249.51646423339844,,,,
source_prepared_px,1,px,528.2601367089059,250.21063622065606,,,,
source_prepared_px,2,px,526.3837189251012,250.90277483704398,,,,
source_prepared_px,3,px,524.5065751641122,251.59294209135814,,,,
source_prepared_px,4,px,522.628730097551,252.28119890537647,,,,
source_prepared_px,5,px,520.7502078008574,252.96760514950464,,,,
source_prepared_px,6,px,518.8710317774172,253.65221967744685,,,,
source_prepared_px,7,px,516.9912249817638,254.33510035993743,,,,
source_prepared_px,8,px,515.1108098419031,255.0163041175672,,,,
source_prepared_px,9,px,513.229808280807,255.69588695273774,,,,
source_prepared_px,10,px,511.34824173711246,256.3739039807756,,,,
source_prepared_px,11,px,509.4661311850663,257.0504094602383,,,,
source_prepared_px,12,px,507.58349613374384,257.7254539743584,,,,
source_prepared_px,13,px,505.7003524764002,258.3990783572632,,,,
source_prepared_px,14,px,503.8167260179719,259.0713515159439,,,,
source_prepared_px,15,px,501.93263599441457,259.74232440273863,,,,
source_prepared_px,16,px,500.04810127012036,260.4120472601754,,,,
source_prepared_px,17,px,498.16314035388734,261.0805696468262,,,,
source_prepared_px,18,px,496.2777714143619,261.74794046255295,,,,
source_prepared_px,19,px,494.39201229498036,262.41420797317124,,,,
source_prepared_px,20,px,492.5058805284346,263.07941983455214,,,,
source_prepared_px,21,px,490.6193933506848,263.7436231161876,,,,
source_prepared_px,22,px,488.73256771454174,264.4068643242388,,,,
source_prepared_px,23,px,486.8454203028413,265.06918942409106,,,,
source_prepared_px,24,px,484.95796754123074,265.73064386243453,,,,
source_prepared_px,25,px,483.0702256105871,266.3912725888914,,,,
source_prepared_px,26,px,481.18221045908695,267.0511200772089,,,,
source_prepared_px,27,px,479.2939378139459,267.7102303460375,,,,
source_prepared_px,28,px,477.40542319284503,268.36864697931225,,,,
source_prepared_px,29,px,475.5166819150618,269.0264131462565,,,,
source_prepared_px,30,px,473.62772911232116,269.68357162102365,,,,
source_prepared_px,31,px,471.7385797393838,270.34016480199625,,,,
source_prepared_px,32,px,469.84924858438467,270.996234730757,,,,
source_prepared_px,33,px,467.9597502789389,271.65182311075023,,,,
source_prepared_px,34,px,466.0700993080275,272.3069713256473,,,,
source_prepared_px,35,px,464.18031001967756,272.96172045743344,,,,
source_prepared_px,36,px,462.2903966344492,273.6161113042304,,,,
source_prepared_px,37,px,460.40037325474424,274.27018439787,,,,
source_prepared_px,38,px,458.51025387394606,274.92398002123224,,,,
source_prepared_px,39,px,456.62005238540604,275.57753822536375,,,,
source_prepared_px,40,px,454.72978259128615,276.23089884638966,,,,
source_prepared_px,41,px,452.83945821127026,276.8841015222321,,,,
source_prepared_px,42,px,450.9490928911551,277.5371857091499,,,,
source_prepared_px,43,px,449.05870021133256,278.19019069811276,,,,
source_prepared_px,44,px,447.168293695173,278.8431556310205,,,,
source_prepared_px,45,px,445.27788681732136,279.49611951678423,,,,
source_prepared_px,46,px,443.38749301191547,280.149121247278,,,,
source_prepared_px,47,px,441.4971256807378,280.8021996131768,,,,
source_prepared_px,48,px,439.6067982013099,281.45539331969064,,,,
source_prepared_px,49,px,437.71652393493974,282.1087410022077,,,,
source_prepared_px,50,px,435.82631623473213,282.7622812418598,,,,
source_prepared_px,51,px,433.9361884535718,283.41605258102015,,,,
source_prepared_px,52,px,432.04615395208845,284.0700935387457,,,,
source_prepared_px,53,px,430.15622610661393,284.7244426261772,,,,
source_prepared_px,54,px,428.2664183171412,285.3791383619068,,,,
source_prepared_px,55,px,426.37674401529387,286.0342192873251,,,,
source_prepared_px,56,px,424.487216672317,286.68972398196,,,,
source_prepared_px,57,px,422.59784996541754,287.34569153462957,,,,
source_prepared_px,58,px,420.70865844892614,288.00216346412697,,,,
source_prepared_px,59,px,418.819654803844,288.6591757956427,,,,
source_prepared_px,60,px,416.93085273545194,289.3167673978544,,,,
source_prepared_px,61,px,415.0422660281942,289.9749772513661,,,,
source_prepared_px,62,px,413.15390855397925,290.63384446421355,,,,
source_prepared_px,63,px,411.26579428056687,291.29340828743665,,,,
source_prepared_px,64,px,409.3779372800527,291.95370813073146,,,,
source_prepared_px,65,px,407.4903517374597,292.6147835781929,,,,
source_prepared_px,66,px,405.6030519594471,293.2766744041587,,,,
source_prepared_px,67,px,403.7160523831479,293.93942058916815,,,,
source_prepared_px,68,px,401.8293675851455,294.6030623360454,,,,
source_prepared_px,69,px,399.94301229060073,295.2676400861206,,,,
source_prepared_px,70,px,398.0570013825403,295.93319453559974,,,,
source_prepared_px,71,px,396.1713499113186,296.59976665209587,,,,
source_prepared_px,72,px,394.2860731042649,297.26739769133366,,,,
source_prepared_px,73,px,392.4011863755277,297.9361292140391,,,,
source_prepared_px,74,px,390.5167053361291,298.6060031030276,,,,
source_prepared_px,75,px,388.63264580424254,299.27706158050245,,,,
source_prepared_px,76,px,386.7490238157057,299.9493472255763,,,,
source_prepared_px,77,px,384.86585563478496,300.62290299202897,,,,
source_prepared_px,78,px,382.98315776520246,301.2977722263149,,,,
source_prepared_px,79,px,381.10094696144307,301.97399868583244,,,,
source_prepared_px,80,px,379.21924024035434,302.6516265574693,,,,
source_prepared_px,81,px,377.3380548930571,303.33070047643884,,,,
source_prepared_px,82,px,375.4574084971807,304.0112655454188,,,,
source_prepared_px,83,px,373.5773189294417,304.69336735400833,,,,
source_prepared_px,84,px,371.6978043785818,305.37705199851814,,,,
source_prepared_px,85,px,369.8188833586847,306.06236610210675,,,,
source_prepared_px,86,px,367.9405747228888,306.7493568352797,,,,
source_prepared_px,87,px,366.062897677517,307.4380719367653,,,,
source_prepared_px,88,px,364.1858717966427,308.12855973478435,,,,
source_prepared_px,89,px,362.30951703711315,308.82086916872737,,,,
source_prepared_px,90,px,360.43385375405336,309.5150498112579,,,,
source_prepared_px,91,px,358.55890271687105,310.2111518908565,,,,
source_prepared_px,92,px,356.6846851257888,310.90922631482323,,,,
source_prepared_px,93,px,354.81122262892694,311.6093246927553,,,,
source_prepared_px,94,px,352.93853733996275,312.3114993605179,,,,
source_prepared_px,95,px,351.06665185639366,313.0158034047253,,,,
source_prepared_px,96,px,349.19558927843264,313.72229068775073,,,,
source_prepared_px,97,px,347.32537322856376,314.4310158732841,,,,
source_prepared_px,98,px,345.45602787179024,315.1420344524549,,,,
source_prepared_px,99,px,342.66536748785626,316.21839384836835,,,,
source_prepared_px,100,px,343.3269928491796,318.1057867150822,,,,
source_prepared_px,101,px,343.9878108054089,319.993462424343,,,,
source_prepared_px,102,px,344.64783828103236,321.8814146717314,,,,
source_prepared_px,103,px,345.3070918119236,323.7696373124383,,,,
source_prepared_px,104,px,345.96558892782974,325.65812387809916,,,,
source_prepared_px,105,px,346.62334666653805,327.546868095569,,,,
source_prepared_px,106,px,347.28038210285536,329.4358637013969,,,,
source_prepared_px,107,px,347.9367123477944,331.325104441636,,,,
source_prepared_px,108,px,348.5923545477612,333.21458407164806,,,,
source_prepared_px,109,px,349.2473258837417,335.10429635590464,,,,
source_prepared_px,110,px,349.90164357048934,336.9942350677833,,,,
source_prepared_px,111,px,350.55532485571115,338.88439398936015,,,,
source_prepared_px,112,px,351.20838701925567,340.7747669111984,,,,
source_prepared_px,113,px,351.86084737230027,342.6653476321325,,,,
source_prepared_px,114,px,352.5127232565382,344.5561299590487,,,,
source_prepared_px,115,px,353.1640320433662,346.44710770666205,,,,
source_prepared_px,116,px,353.814791133072,348.33827469728965,,,,
source_prepared_px,117,px,354.46501791248136,350.2296247748949,,,,
source_prepared_px,118,px,355.11472962345806,352.1211518496618,,,,
source_prepared_px,119,px,355.7639439938667,354.0128496807841,,,,
source_prepared_px,120,px,356.41267853567393,355.9047121171977,,,,
source_prepared_px,121,px,357.06095078555035,357.79673301430375,,,,
source_prepared_px,122,px,357.7087783040588,359.6889062337211,,,,
source_prepared_px,123,px,358.3561786748417,361.58122564303653,,,,
source_prepared_px,124,px,359.0031695038096,363.47368511555163,,,,
source_prepared_px,125,px,359.6497684183291,365.36627853002744,,,,
source_prepared_px,126,px,360.29599306641074,367.25899977042616,,,,
source_prepared_px,127,px,360.9418611158972,369.15184272565045,,,,
source_prepared_px,128,px,361.587390253652,371.0448012892803,,,,
source_prepared_px,129,px,362.23259818474685,372.9378693593076,,,,
source_prepared_px,130,px,362.87750263165054,374.83104083786856,,,,
source_prepared_px,131,px,363.52212133341675,376.72430963097366,,,,
source_prepared_px,132,px,364.16647204487236,378.6176696482367,,,,
source_prepared_px,133,px,364.81057253580576,380.5111148026002,,,,
source_prepared_px,134,px,365.45444059015466,382.40463901006086,,,,
source_prepared_px,135,px,366.0980940051944,384.2982361893918,,,,
source_prepared_px,136,px,366.74155059072586,386.1919002618645,,,,
source_prepared_px,137,px,367.3848281682626,388.08562515096844,,,,
source_prepared_px,138,px,368.02794457021986,389.97940478212945,,,,
source_prepared_px,139,px,368.670917639101,391.8732330824275,,,,
source_prepared_px,140,px,369.31376522668546,393.76710398031236,,,,
source_prepared_px,141,px,369.956505193216,395.661011405319,,,,
source_prepared_px,142,px,370.59915540658534,397.5549492877817,,,,
source_prepared_px,143,px,371.24173374152383,399.44891155854725,,,,
source_prepared_px,144,px,371.88425807878485,401.34289214868807,,,,
source_prepared_px,145,px,372.5267463043322,403.2368849892136,,,,
source_prepared_px,146,px,373.1692163085258,405.13088401078244,,,,
source_prepared_px,147,px,373.811685985307,407.02488314341315,,,,
source_prepared_px,148,px,374.45417323138486,408.9188763161952,,,,
source_prepared_px,149,px,375.09669594542055,410.8128574569999,,,,
source_prepared_px,150,px,375.7392720272126,412.70682049219056,,,,
source_prepared_px,151,px,376.38191937688094,414.6007593463337,,,,
source_prepared_px,152,px,377.02465589405074,416.49466794190954,,,,
source_prepared_px,153,px,377.6674994770366,418.3885401990231,,,,
source_prepared_px,154,px,378.3104680220247,420.282370035116,,,,
source_prepared_px,155,px,378.9535794222564,422.1761513646779,,,,
source_prepared_px,156,px,379.59685156720985,424.0698780989593,,,,
source_prepared_px,157,px,380.2403023417817,425.963544145685,,,,
source_prepared_px,158,px,380.8839496254683,427.85714340876746,,,,
source_prepared_px,159,px,381.52781129154647,429.75066978802226,,,,
source_prepared_px,160,px,382.17190520625303,431.6441171788842,,,,
source_prepared_px,161,px,382.81624922796465,433.5374794721238,,,,
source_prepared_px,162,px,383.460861206377,435.430750553566,,,,
source_prepared_px,163,px,384.10575898168213,437.3239243038097,,,,
source_prepared_px,164,px,384.750960383747,439.2169945979491,,,,
source_prepared_px,165,px,385.3964832312898,441.1099553052962,,,,
source_prepared_px,166,px,386.04234533105654,443.0028002891051,,,,
source_prepared_px,167,px,386.68856447699676,444.8955234062983,,,,
source_prepared_px,168,px,387.33515844943815,446.7881185071948,,,,
source_prepared_px,169,px,387.9821450142611,448.6805794352396,,,,
source_prepared_px,170,px,388.629541922072,450.5729000267367,,,,
source_prepared_px,171,px,389.2773669073762,452.4650741105826,,,,
source_prepared_px,172,px,389.92563768774966,454.3570955080035,,,,
source_prepared_px,173,px,390.5743719630108,456.24895803229435,,,,
source_prepared_px,174,px,391.2235874143905,458.14065548856007,,,,
source_prepared_px,175,px,391.8733017037021,460.03218167346023,,,,
source_prepared_px,176,px,392.5235324725102,461.92353037495604,,,,
source_prepared_px,177,px,393.1742973412991,463.81469537205993,,,,
source_prepared_px,178,px,393.8256139086397,465.7056704345887,,,,
source_prepared_px,179,px,394.47749975035646,467.5964493229193,,,,
source_prepared_px,180,px,395.1299724186932,469.48702578774777,,,,
source_prepared_px,181,px,395.78304944147766,471.37739356985196,,,,
source_prepared_px,182,px,396.4367483212859,473.26754639985677,,,,
source_prepared_px,183,px,397.0910865346058,475.15747799800386,,,,
source_prepared_px,184,px,397.74608153099905,477.0471820739242,,,,
source_prepared_px,185,px,398.40175073226374,478.93665232641456,,,,
source_prepared_px,186,px,399.05811153159425,480.8258824432182,,,,
source_prepared_px,187,px,399.71518129274216,482.71486610080865,,,,
source_prepared_px,188,px,400.3729773491753,484.6035969641781,,,,
source_prepared_px,189,px,401.0315170032361,486.49206868663003,,,,
source_prepared_px,190,px,401.69081752529985,488.3802749095754,,,,
source_prepared_px,191,px,402.3508961529311,490.26820926233364,,,,
source_prepared_px,192,px,403.01177009004033,492.1558653619382,,,,
source_prepared_px,193,px,403.6734565060394,494.0432368129462,,,,
source_prepared_px,194,px,404.33597253499613,495.9303172072526,,,,
source_prepared_px,195,px,404.99933527478856,497.81710012390977,,,,
source_prepared_px,196,px,405.6635617862583,499.7035791289514,,,,
source_prepared_px,197,px,406.32866909236304,501.5897477752212,,,,
source_prepared_px,198,px,406.994674177329,503.475599602207,,,,
source_prepared_px,199,px,407.6615939858019,505.36112813587977,,,,
source_prepared_px,200,px,408.3294454219981,507.2463268885375,,,,
source_prepared_px,201,px,408.9982453488548,509.13118935865526,,,,
source_prepared_px,202,px,409.6680105871796,511.0157090307398,,,,
source_prepared_px,203,px,410.3387579147997,512.89987937519,,,,
source_prepared_px,204,px,411.01050406571085,514.7836938481632,,,,
source_prepared_px,205,px,411.68326572922507,516.6671458914464,,,,
source_prepared_px,206,px,412.35705954911907,518.5502289323337,,,,
source_prepared_px,207,px,413.0319021227812,520.4329363835104,,,,
source_prepared_px,208,px,413.70781000035896,522.3152616429416,,,,
source_prepared_px,209,px,414.38479968390516,524.1971980937675,,,,
source_prepared_px,210,px,415.0628876265252,526.0787391042055,,,,
source_prepared_px,211,px,415.742090231523,527.959878027457,,,,
source_prepared_px,212,px,416.42242385154697,529.8406082016221,,,,
source_prepared_px,213,px,417.1039047877364,531.7209229496195,,,,
source_prepared_px,214,px,417.7865492888673,533.6008155791139,,,,
source_prepared_px,215,px,418.4703735504982,535.4802793824489,,,,
source_prepared_px,216,px,419.1553937141164,537.359307636587,,,,
source_prepared_px,217,px,419.8416258662839,539.237893603057,,,,
source_prepared_px,218,px,420.87328162494003,542.0549284848721,,,,
source_prepared_px,219,px,421.4166750592527,542.6385598903975,,,,
source_prepared_px,220,px,423.3763404115678,542.2389560415717,,,,
source_prepared_px,221,px,425.3328699002842,541.824269662188,,,,
source_prepared_px,222,px,427.28624910396775,541.3949870461574,,,,
source_prepared_px,223,px,429.2364732863307,540.9515895363995,,,,
source_prepared_px,224,px,431.18354689591143,540.4945532463621,,,,
source_prepared_px,225,px,433.1274830755098,540.024348828656,,,,
source_prepared_px,226,px,435.06830318305526,539.5414412879067,,,,
source_prepared_px,227,px,437.0060363253089,539.0462898349598,,,,
source_prepared_px,228,px,438.94071890554426,538.5393477796302,,,,
source_prepared_px,229,px,440.8723941861133,538.0210624592486,,,,
source_prepared_px,230,px,442.80111186659417,537.4918752003597,,,,
source_prepared_px,231,px,444.72690781087795,536.9521511123935,,,,
source_prepared_px,232,px,446.649857564521,536.4023726007613,,,,
source_prepared_px,233,px,448.57003654756517,535.8429936843305,,,,
source_prepared_px,234,px,450.4875162732759,535.2744308391747,,,,
source_prepared_px,235,px,452.40237280055135,534.6970947761912,,,,
source_prepared_px,236,px,454.3146864139121,534.1113905546948,,,,
source_prepared_px,237,px,456.2245413193865,533.5177177133746,,,,
source_prepared_px,238,px,458.13202535590466,532.9164704169307,,,,
source_prepared_px,239,px,460.0372297217516,532.3080376168294,,,,
source_prepared_px,240,px,461.94024871557025,531.6928032247275,,,,
source_prepared_px,241,px,463.84117949136356,531.0711462972267,,,,
source_prepared_px,242,px,465.74012182690416,530.4434412307317,,,,
source_prepared_px,243,px,467.6371779049305,529.8100579652768,,,,
source_prepared_px,244,px,469.53245210648606,529.1713621962912,,,,
source_prepared_px,245,px,471.42605081573623,528.5277155933576,,,,
source_prepared_px,246,px,473.31808223558755,527.8794760251052,,,,
source_prepared_px,247,px,475.20865621342216,527.2269977894584,,,,
source_prepared_px,248,px,477.09788407625547,526.5706318485344,,,,
source_prepared_px,249,px,478.9858784746202,525.9107260675494,,,,
source_prepared_px,250,px,480.87275323448165,525.24762545716,,,,
source_prepared_px,251,px,482.7586232164867,524.5816724187163,,,,
source_prepared_px,252,px,484.6436041818551,523.9132069919599,,,,
source_prepared_px,253,px,486.5278126642214,523.2425671047436,,,,
source_prepared_px,254,px,488.4113658467423,522.5700888243898,,,,
source_prepared_px,255,px,490.29438144378776,521.896106610342,,,,
source_prepared_px,256,px,492.1769775865398,521.2209535677939,,,,
source_prepared_px,257,px,494.05927271182543,520.5449617020049,,,,
source_prepared_px,258,px,495.94138545351757,519.8684621730363,,,,
source_prepared_px,259,px,497.82343453583894,519.1917855506539,,,,
source_prepared_px,260,px,499.705538667911,518.5152620691598,,,,
source_prepared_px,261,px,501.5878164388878,517.8392218819196,,,,
source_prepared_px,262,px,503.4703862130235,517.1639953153574,,,,
source_prepared_px,263,px,505.3533660240197,516.4899131221897,,,,
source_prepared_px,264,px,507.23687346800114,515.8173067336601,,,,
source_prepared_px,265,px,509.1210255944707,515.1465085105332,,,,
source_prepared_px,266,px,511.0059387945928,514.4778519925851,,,,
source_prepared_px,267,px,512.8917286861562,513.811672146313,,,,
source_prepared_px,268,px,514.7785099945665,513.1483056105633,,,,
source_prepared_px,269,px,516.692955471148,512.5737408313836,,,,
source_prepared_px,270,px,518.6210109697345,512.0421466572186,,,,
source_prepared_px,271,px,520.5465765635569,511.50160237522823,,,,
source_prepared_px,272,px,522.4696647966184,510.9523090152227,,,,
source_prepared_px,273,px,524.3902915124744,510.39446934244626,,,,
source_prepared_px,274,px,526.3084758042618,509.82828774292136,,,,
source_prepared_px,275,px,528.2242399612741,509.25397011379545,,,,
source_prepared_px,276,px,530.1376094123391,508.6717237587815,,,,
source_prepared_px,277,px,532.0486126662464,508.0817572887554,,,,
source_prepared_px,278,px,533.9572812494681,507.4842805275539,,,,
source_prepared_px,279,px,535.8636496414031,506.8795044229977,,,,
source_prepared_px,280,px,537.7677552073704,506.26764096314804,,,,
source_prepared_px,281,px,539.6696381295634,505.6489030977817,,,,
source_prepared_px,282,px,541.5693413361673,505.02350466506186,,,,
source_prepared_px,283,px,543.4669104288326,504.39166032335515,,,,
source_prepared_px,284,px,545.3623936086838,503.75358548814705,,,,
source_prepared_px,285,px,547.255841601032,503.1094962739754,,,,
source_prepared_px,286,px,549.1473075789495,502.4596094413056,,,,
source_prepared_px,287,px,551.0368470858506,501.8041423482532,,,,
source_prepared_px,288,px,552.9245179572104,501.14331290704683,,,,
source_prepared_px,289,px,554.810380241547,500.4773395451212,,,,
source_prepared_px,290,px,556.6944961207712,499.8064411707131,,,,
source_prepared_px,291,px,558.5769298300063,499.1308371428367,,,,
source_prepared_px,292,px,560.4577475769609,498.45074724549403,,,,
source_prepared_px,293,px,562.3370174609329,497.7663916659806,,,,
source_prepared_px,294,px,564.2148093915064,497.0779909771356,,,,
source_prepared_px,295,px,566.0911950069959,496.38576612337994,,,,
source_prepared_px,296,px,567.9662475926825,495.689938410385,,,,
source_prepared_px,297,px,569.8400419988723,494.9907294982039,,,,
source_prepared_px,298,px,571.7126545588034,494.2883613977013,,,,
source_prepared_px,299,px,573.5841630064152,493.58305647010536,,,,
source_prepared_px,300,px,575.4546463939847,492.875037429511,,,,
source_prepared_px,301,px,577.3241850096282,492.1645273481529,,,,
source_prepared_px,302,px,579.1928602946584,491.45174966426845,,,,
source_prepared_px,303,px,581.0607547607771,490.7369281923682,,,,
source_prepared_px,304,px,582.9279519070807,490.02028713572497,,,,
source_prepared_px,305,px,584.794536136847,489.30205110089537,,,,
source_prepared_px,306,px,586.6605926740642,488.58244511408185,,,,
source_prepared_px,307,px,588.5262074796624,487.8616946391413,,,,
source_prepared_px,308,px,590.3914671673973,487.14002559704636,,,,
source_prepared_px,309,px,592.256458919337,486.4176643865985,,,,
source_prepared_px,310,px,594.1212704008939,485.694837906195,,,,
source_prepared_px,311,px,595.9859896753434,484.97177357644495,,,,
source_prepared_px,312,px,597.8507051177689,484.2486993634298,,,,
source_prepared_px,313,px,599.715505328367,483.52584380239756,,,,
source_prepared_px,314,px,601.5804790450495,482.80343602168233,,,,
source_prepared_px,315,px,603.4457150552747,482.08170576663184,,,,
source_prepared_px,316,px,605.3113021070405,481.3608834233265,,,,
source_prepared_px,317,px,608.1105346831097,480.28185785214606,,,,
source_prepared_px,318,px,607.5133554950489,478.4001742289583,,,,
source_prepared_px,319,px,606.8827538548904,476.50219068338964,,,,
source_prepared_px,320,px,606.2527741903955,474.6040005998945,,,,
source_prepared_px,321,px,605.6233828088949,472.70561537485355,,,,
source_prepared_px,322,px,604.9945457568624,470.8070464562319,,,,
source_prepared_px,323,px,604.366228831401,468.9083053414693,,,,
source_prepared_px,324,px,603.7383975919175,467.0094035753747,,,,
source_prepared_px,325,px,603.1110173719737,465.1103527480239,,,,
source_prepared_px,326,px,602.4840532913074,463.2111644926631,,,,
source_prepared_px,327,px,601.857470268019,461.31185048361345,,,,
source_prepared_px,328,px,601.2312330309097,459.4124224341802,,,,
source_prepared_px,329,px,600.6053062904866,457.5128920423419,,,,
source_prepared_px,330,px,599.9796547248022,455.6132709976008,,,,
source_prepared_px,331,px,599.3542419798308,453.71357131217934,,,,
source_prepared_px,332,px,598.7290321253066,451.8138048435934,,,,
source_prepared_px,333,px,598.1039891078733,449.9139834770997,,,,
source_prepared_px,334,px,597.4790767641944,448.01411912360726,,,,
source_prepared_px,335,px,596.8542588341544,446.11422371758914,,,,
source_prepared_px,336,px,596.2294989741423,444.21430921499103,,,,
source_prepared_px,337,px,595.6047607704022,442.31438759113803,,,,
source_prepared_px,338,px,594.9800077524484,440.4144708386373,,,,
source_prepared_px,339,px,594.35520340653,438.5145709652767,,,,
source_prepared_px,340,px,593.7303111891389,436.61469999191763,,,,
source_prepared_px,341,px,593.1052945405489,434.7148699503824,,,,
source_prepared_px,342,px,592.4801168983771,432.8150928813345,,,,
source_prepared_px,343,px,591.8547417111581,430.9153808321506,,,,
source_prepared_px,344,px,591.2291324519207,429.0157458547848,,,,
source_prepared_px,345,px,590.6032526317565,427.1162000036229,,,,
source_prepared_px,346,px,589.9770658133715,425.216755333326,,,,
source_prepared_px,347,px,589.3505356246103,423.31742389666437,,,,
source_prepared_px,348,px,588.7236257719443,421.41821774233824,,,,
source_prepared_px,349,px,588.0963000539108,419.51914891278636,,,,
source_prepared_px,350,px,587.4685223744967,417.62022944198213,,,,
source_prepared_px,351,px,586.8402567564556,415.7214713532142,,,,
source_prepared_px,352,px,586.2114673545477,413.8228866568541,,,,
source_prepared_px,353,px,585.5821184686948,411.92448734810785,,,,
source_prepared_px,354,px,584.9521745570393,410.0262854047522,,,,
source_prepared_px,355,px,584.3216002488979,408.1282927848543,,,,
source_prepared_px,356,px,583.6903603576025,406.23052142447557,,,,
source_prepared_px,357,px,583.0584198932156,404.33298323535786,,,,
source_prepared_px,358,px,582.4257440751145,402.43569010259273,,,,
source_prepared_px,359,px,581.7922983444338,400.5386538822732,,,,
source_prepared_px,360,px,581.1580483763568,398.64188639912777,,,,
source_prepared_px,361,px,580.5229600922484,396.74539944413686,,,,
source_prepared_px,362,px,579.8869996716211,394.8492047721309,,,,
source_prepared_px,363,px,579.2501335639229,392.9533140993718,,,,
source_prepared_px,364,px,578.6123285001446,391.0577391011156,,,,
source_prepared_px,365,px,577.9735515042314,389.1624914091585,,,,
source_prepared_px,366,px,577.3337699042978,387.2675826093656,,,,
source_prepared_px,367,px,576.6929513436336,385.37302423918277,,,,
source_prepared_px,368,px,576.0510637914954,383.4788277851324,,,,
source_prepared_px,369,px,575.4080755536777,381.58500468029354,,,,
source_prepared_px,370,px,574.7639552828538,379.69156630176644,,,,
source_prepared_px,371,px,574.1186719886823,377.79852396812373,,,,
source_prepared_px,372,px,573.4721950476728,375.9058889368466,,,,
source_prepared_px,373,px,572.8244942128022,374.0136724017494,,,,
source_prepared_px,374,px,572.1755396228791,372.1218854903918,,,,
source_prepared_px,375,px,571.5253018116485,370.2305392614811,,,,
source_prepared_px,376,px,570.8737517166313,368.33964470226385,,,,
source_prepared_px,377,px,570.2208606876958,366.4492127259098,,,,
source_prepared_px,378,px,569.5676321799824,364.55889731947593,,,,
source_prepared_px,379,px,568.9157028427168,362.6681334814786,,,,
source_prepared_px,380,px,568.265163661462,360.7768909002757,,,,
source_prepared_px,381,px,567.6160687919383,358.8851521352756,,,,
source_prepared_px,382,px,566.9684723554989,356.99289989538823,,,,
source_prepared_px,383,px,566.3224284965381,355.10011702429495,,,,
source_prepared_px,384,px,565.6779914391981,353.2067864861967,,,,
source_prepared_px,385,px,565.0352155435038,351.3128913520157,,,,
source_prepared_px,386,px,564.394155361062,349.4184147860323,,,,
source_prepared_px,387,px,563.7548656904445,347.5233400329344,,,,
source_prepared_px,388,px,563.1174016323815,345.6276504052641,,,,
source_prepared_px,389,px,562.481818644885,343.7313292712445,,,,
source_prepared_px,390,px,561.8481725984192,341.8343600429732,,,,
source_prepared_px,391,px,561.2165198312364,339.93672616496843,,,,
source_prepared_px,392,px,560.586917204995,338.0384111030589,,,,
source_prepared_px,393,px,559.9594221607715,336.13939833360536,,,,
source_prepared_px,394,px,559.3340927755859,334.23967133304853,,,,
source_prepared_px,395,px,558.7109878195507,332.3392135677763,,,,
source_prepared_px,396,px,558.0901668137642,330.43800848430527,,,,
source_prepared_px,397,px,557.4716900890592,328.53603949977594,,,,
source_prepared_px,398,px,556.8556188457296,326.6332899927583,,,,
source_prepared_px,399,px,556.2420152143518,324.7297432943706,,,,
source_prepared_px,400,px,555.6309423178215,322.8253826797142,,,,
source_prepared_px,401,px,555.0224643347325,320.9201913596286,,,,
source_prepared_px,402,px,554.4166465642229,319.01415247277413,,,,
source_prepared_px,403,px,553.8135554924171,317.10724907805263,,,,
source_prepared_px,404,px,553.2132588606005,315.19946414737603,,,,
source_prepared_px,405,px,552.6158257352606,313.2907805587985,,,,
source_prepared_px,406,px,552.0213273916727,311.38118083807814,,,,
source_prepared_px,407,px,551.4298443445741,309.47064501196786,,,,
source_prepared_px,408,px,550.8385289405772,307.560223891452,,,,
source_prepared_px,409,px,550.0643904386948,305.7161690051105,,,,
source_prepared_px,410,px,549.330535436141,303.8557148283065,,,,
source_prepared_px,411,px,548.6334622538778,301.98116472018773,,,,
source_prepared_px,412,px,547.9696246747645,300.0945827714755,,,,
source_prepared_px,413,px,547.3354620394128,298.1978133010744,,,,
source_prepared_px,414,px,546.7274213822499,296.29250295901886,,,,
source_prepared_px,415,px,546.1419725613422,294.3801242115917,,,,
source_prepared_px,416,px,545.5756174018077,292.4619993213445,,,,
source_prepared_px,417,px,545.0248938635535,290.5393242245255,,,,
source_prepared_px,418,px,544.4863761890513,288.61319194621393,,,,
source_prepared_px,419,px,543.9566719089875,286.6846153807391,,,,
source_prepared_px,420,px,543.4324164999796,284.75454940655345,,,,
source_prepared_px,421,px,542.9102664110808,282.82391240674883,,,,
source_prepared_px,422,px,542.3868911123475,280.89360733482937,,,,
source_prepared_px,423,px,541.85892329311,278.9645539378191,,,,
source_prepared_px,424,px,541.3229730030279,277.0377042970251,,,,
source_prepared_px,425,px,540.7757218484646,275.11403585475017,,,,
source_prepared_px,426,px,540.2138059159031,273.1946029606365,,,,
source_prepared_px,427,px,539.6338392227245,271.2805510948105,,,,
source_prepared_px,428,px,539.032413150777,269.3731387786851,,,,
source_prepared_px,429,px,538.406099538635,267.47375971483694,,,,
source_prepared_px,430,px,537.7514582700519,265.58396485478573,,,,
source_prepared_px,431,px,537.0650502364294,263.70548388732243,,,,
source_prepared_px,432,px,536.3434565530447,261.8402453912175,,,,
source_prepared_px,433,px,535.5833048478509,259.99039460908483,,,,
source_prepared_px,434,px,534.7813032892595,258.15830748639434,,,,
source_prepared_px,435,px,533.9342827448263,256.34659930495724,,,,
source_prepared_px,436,px,533.0392470380124,254.55812596180095,,,,
source_prepared_px,437,px,532.0932960052788,252.7960506919364,,,,
source_prepared_px,438,px,531.093078166076,251.06421570577152,,,,
source_prepared_px,439,px,530.1358032226562,249.51646423339844,,,,
transformed_mm,0,mm,135.8585435923436,53.51018462443899,200.061,-179.945,-0.097,0.0
transformed_mm,1,mm,135.68097813250165,54.04587403045021,200.061,-179.945,-0.097,0.0
transformed_mm,2,mm,135.50399339005494,54.581755574078485,200.061,-179.945,-0.097,0.0
transformed_mm,3,mm,135.3275716325836,55.1178227241022,200.061,-179.945,-0.097,0.0
transformed_mm,4,mm,135.15169544024397,55.65406911395394,200.061,-179.945,-0.097,0.0
transformed_mm,5,mm,134.9763476954725,56.19048853499217,200.061,-179.945,-0.097,0.0
transformed_mm,6,mm,134.8015115729746,56.72707493003585,200.061,-179.945,-0.097,0.0
transformed_mm,7,mm,134.62717052998673,57.2638223871487,200.061,-179.945,-0.097,0.0
transformed_mm,8,mm,134.45330829680262,57.80072513366187,200.061,-179.945,-0.097,0.0
transformed_mm,9,mm,134.2799088675532,58.33777753042256,200.061,-179.945,-0.097,0.0
transformed_mm,10,mm,134.10695649123144,58.87497406625856,200.061,-179.945,-0.097,0.0
transformed_mm,11,mm,133.93443566295224,59.412309352647696,200.061,-179.945,-0.097,0.0
transformed_mm,12,mm,133.76233192851964,59.94977837860216,200.061,-179.945,-0.097,0.0
transformed_mm,13,mm,133.59063361815242,60.48737705824439,200.061,-179.945,-0.097,0.0
transformed_mm,14,mm,133.41932104911007,61.025098782869954,200.061,-179.945,-0.097,0.0
transformed_mm,15,mm,133.24837966575532,61.56293862209422,200.061,-179.945,-0.097,0.0
transformed_mm,16,mm,133.07779511622857,62.10089174343036,200.061,-179.945,-0.097,0.0
transformed_mm,17,mm,132.9075532450018,62.63895340803669,200.061,-179.945,-0.097,0.0
transformed_mm,18,mm,132.73764008560914,63.17711896660673,200.061,-179.945,-0.097,0.0
transformed_mm,19,mm,132.56804185354667,63.715383855394734,200.061,-179.945,-0.097,0.0
transformed_mm,20,mm,132.39874493933493,64.25374359237018,200.061,-179.945,-0.097,0.0
transformed_mm,21,mm,132.22973590173746,64.79219377349463,200.061,-179.945,-0.097,0.0
transformed_mm,22,mm,132.06100146112922,65.330730069115,200.061,-179.945,-0.097,0.0
transformed_mm,23,mm,131.89252849300794,65.86934822046707,200.061,-179.945,-0.097,0.0
transformed_mm,24,mm,131.72430402164326,66.4080440362839,200.061,-179.945,-0.097,0.0
transformed_mm,25,mm,131.55631521385703,66.94681338950342,200.061,-179.945,-0.097,0.0
transformed_mm,26,mm,131.3885493729299,67.48565221407046,200.061,-179.945,-0.097,0.0
transformed_mm,27,mm,131.22099393262735,68.0245565018275,200.061,-179.945,-0.097,0.0
transformed_mm,28,mm,131.0536364513415,68.56352229949017,200.061,-179.945,-0.097,0.0
transformed_mm,29,mm,130.88646460634163,69.10254570570228,200.061,-179.945,-0.097,0.0
transformed_mm,30,mm,130.71946618813,69.6416228681662,200.061,-179.945,-0.097,0.0
transformed_mm,31,mm,130.55262909489633,70.18074998084421,200.061,-179.945,-0.097,0.0
transformed_mm,32,mm,130.38594132706774,70.71992328122697,200.061,-179.945,-0.097,0.0
transformed_mm,33,mm,130.2193909819479,71.25913904766455,200.061,-179.945,-0.097,0.0
transformed_mm,34,mm,130.05296624844183,71.79839359675681,200.061,-179.945,-0.097,0.0
transformed_mm,35,mm,129.8866554018616,72.33768328079898,200.061,-179.945,-0.097,0.0
transformed_mm,36,mm,129.7204467988078,72.87700448527912,200.061,-179.945,-0.097,0.0
transformed_mm,37,mm,129.55432887212362,73.41635362642353,200.061,-179.945,-0.097,0.0
transformed_mm,38,mm,129.38829012591648,73.95572714878739,200.061,-179.945,-0.097,0.0
transformed_mm,39,mm,129.22231913064343,74.4951215228866,200.061,-179.945,-0.097,0.0
transformed_mm,40,mm,129.05640451825596,75.03453324286824,200.061,-179.945,-0.097,0.0
transformed_mm,41,mm,128.8905349774008,75.57395882421595,200.061,-179.945,-0.097,0.0
transformed_mm,42,mm,128.7246992486721,76.1133948014878,200.061,-179.945,-0.097,0.0
transformed_mm,43,mm,128.55888611991168,76.65283772608304,200.061,-179.945,-0.097,0.0
transformed_mm,44,mm,128.3930844215535,77.19228416403519,200.061,-179.945,-0.097,0.0
transformed_mm,45,mm,128.2272830220084,77.73173069382861,200.061,-179.945,-0.097,0.0
transformed_mm,46,mm,128.06147082308553,78.27117390423557,200.061,-179.945,-0.097,0.0
transformed_mm,47,mm,127.89563675544704,78.81061039217096,200.061,-179.945,-0.097,0.0
transformed_mm,48,mm,127.72976977409243,79.35003676056239,200.061,-179.945,-0.097,0.0
transformed_mm,49,mm,127.56385885386877,79.8894496162324,200.061,-179.945,-0.097,0.0
transformed_mm,50,mm,127.39789298500352,80.42884556779055,200.061,-179.945,-0.097,0.0
transformed_mm,51,mm,127.2318611686566,80.96822122353238,200.061,-179.945,-0.097,0.0
transformed_mm,52,mm,127.06575241248814,81.50757318934313,200.061,-179.945,-0.097,0.0
transformed_mm,53,mm,126.89955572623838,82.04689806660306,200.061,-179.945,-0.097,0.0
transformed_mm,54,mm,126.73326011731663,82.58619245009211,200.061,-179.945,-0.097,0.0
transformed_mm,55,mm,126.566854586396,83.12545292589124,200.061,-179.945,-0.097,0.0
transformed_mm,56,mm,126.4003281230101,83.6646760692778,200.061,-179.945,-0.097,0.0
transformed_mm,57,mm,126.23366957106998,84.2038584023871,200.061,-179.945,-0.097,0.0
transformed_mm,58,mm,126.0668670807024,84.7429962235727,200.061,-179.945,-0.097,0.0
transformed_mm,59,mm,125.89991036945368,85.28208630618626,200.061,-179.945,-0.097,0.0
transformed_mm,60,mm,125.73278834304408,85.82112516231024,200.061,-179.945,-0.097,0.0
transformed_mm,61,mm,125.56548987486161,86.36010928278816,200.061,-179.945,-0.097,0.0
transformed_mm,62,mm,125.39800380150884,86.8990351350342,200.061,-179.945,-0.097,0.0
transformed_mm,63,mm,125.23031891832991,87.43789916081897,200.061,-179.945,-0.097,0.0
transformed_mm,64,mm,125.06242397491435,87.97669777402871,200.061,-179.945,-0.097,0.0
transformed_mm,65,mm,124.89430767057398,88.51542735839507,200.061,-179.945,-0.097,0.0
transformed_mm,66,mm,124.7259586497904,89.05408426519294,200.061,-179.945,-0.097,0.0
transformed_mm,67,mm,124.55736549762872,89.59266481090287,200.061,-179.945,-0.097,0.0
transformed_mm,68,mm,124.38851673511478,90.13116527483578,200.061,-179.945,-0.097,0.0
transformed_mm,69,mm,124.21940081457217,90.66958189671634,200.061,-179.945,-0.097,0.0
transformed_mm,70,mm,124.05000611491562,91.20791087422232,200.061,-179.945,-0.097,0.0
transformed_mm,71,mm,123.88032093689725,91.74614836047677,200.061,-179.945,-0.097,0.0
transformed_mm,72,mm,123.71033349830223,92.28429046148938,200.061,-179.945,-0.097,0.0
transformed_mm,73,mm,123.54003192909009,92.82233323354426,200.061,-179.945,-0.097,0.0
transformed_mm,74,mm,123.36940426647828,93.36027268053014,200.061,-179.945,-0.097,0.0
transformed_mm,75,mm,123.1984384499641,93.89810475120998,200.061,-179.945,-0.097,0.0
transformed_mm,76,mm,123.02712231628148,94.43582533642606,200.061,-179.945,-0.097,0.0
transformed_mm,77,mm,122.85544359428872,94.97343026623665,200.061,-179.945,-0.097,0.0
transformed_mm,78,mm,122.68338989978321,95.51091530698102,200.061,-179.945,-0.097,0.0
transformed_mm,79,mm,122.51094873023969,96.04827615826795,200.061,-179.945,-0.097,0.0
transformed_mm,80,mm,122.33810745946762,96.58550844988443,200.061,-179.945,-0.097,0.0
transformed_mm,81,mm,122.16485333218371,97.12260773861945,200.061,-179.945,-0.097,0.0
transformed_mm,82,mm,121.99117345849595,97.65956950499924,200.061,-179.945,-0.097,0.0
transformed_mm,83,mm,121.81705480829442,98.19638914992885,200.061,-179.945,-0.097,0.0
transformed_mm,84,mm,121.6424842055448,98.73306199123527,200.061,-179.945,-0.097,0.0
transformed_mm,85,mm,121.46744832248068,99.26958326010768,200.061,-179.945,-0.097,0.0
transformed_mm,86,mm,121.29193367368939,99.80594809742885,200.061,-179.945,-0.097,0.0
transformed_mm,87,mm,121.11592661008788,100.34215154999325,200.061,-179.945,-0.097,0.0
transformed_mm,88,mm,120.93941331278313,100.87818856660544,200.061,-179.945,-0.097,0.0
transformed_mm,89,mm,120.76237978681323,101.41405399405382,200.061,-179.945,-0.097,0.0
transformed_mm,90,mm,120.58481185476359,101.9497425729527,200.061,-179.945,-0.097,0.0
transformed_mm,91,mm,120.40669515025412,102.48524893344756,200.061,-179.945,-0.097,0.0
transformed_mm,92,mm,120.22801511129192,103.02056759077598,200.061,-179.945,-0.097,0.0
transformed_mm,93,mm,120.04875697348459,103.55569294067787,200.061,-179.945,-0.097,0.0
transformed_mm,94,mm,119.86890576310896,104.09061925464799,200.061,-179.945,-0.097,0.0
transformed_mm,95,mm,119.68844629003003,104.62534067502307,200.061,-179.945,-0.097,0.0
transformed_mm,96,mm,119.50736314046459,105.1598512098958,200.061,-179.945,-0.097,0.0
transformed_mm,97,mm,119.32564066958402,105.6941447278479,200.061,-179.945,-0.097,0.0
transformed_mm,98,mm,119.14326299395097,106.22821495249346,200.061,-179.945,-0.097,0.0
transformed_mm,99,mm,118.86679430937825,107.02564869542024,200.061,-179.945,-0.097,0.0
transformed_mm,100,mm,118.32811372620586,106.85737544116208,200.061,-179.945,-0.097,0.0
transformed_mm,101,mm,117.78936121214848,106.68933262642527,200.061,-179.945,-0.097,0.0
transformed_mm,102,mm,117.25053838091159,106.52151541718902,200.061,-179.945,-0.097,0.0
transformed_mm,103,mm,116.7116468049594,106.3539190905737,200.061,-179.945,-0.097,0.0
transformed_mm,104,mm,116.17268813835929,106.18653864027951,200.061,-179.945,-0.097,0.0
transformed_mm,105,mm,115.63366398489794,106.01936920063764,200.061,-179.945,-0.097,0.0
transformed_mm,106,mm,115.09457594526894,105.85240589563351,200.061,-179.945,-0.097,0.0
transformed_mm,107,mm,114.55542561713452,105.68564383913434,200.061,-179.945,-0.097,0.0
transformed_mm,108,mm,114.0162145951883,105.51907813511647,200.061,-179.945,-0.097,0.0
transformed_mm,109,mm,113.47694447121947,105.35270387789271,200.061,-179.945,-0.097,0.0
transformed_mm,110,mm,112.93761683417799,105.18651615233962,200.061,-179.945,-0.097,0.0
transformed_mm,111,mm,112.39823327024104,105.02051003412488,200.061,-179.945,-0.097,0.0
transformed_mm,112,mm,111.85879536288054,104.85468058993433,200.061,-179.945,-0.097,0.0
transformed_mm,113,mm,111.31930469293195,104.68902287769907,200.061,-179.945,-0.097,0.0
transformed_mm,114,mm,110.77976283866391,104.52353194682254,200.061,-179.945,-0.097,0.0
transformed_mm,115,mm,110.24017137584917,104.35820283840752,200.061,-179.945,-0.097,0.0
transformed_mm,116,mm,109.70053187783628,104.19303058548297,200.061,-179.945,-0.097,0.0
transformed_mm,117,mm,109.16084591199998,104.02801022508427,200.061,-179.945,-0.097,0.0
transformed_mm,118,mm,108.62111502844657,103.86313683576986,200.061,-179.945,-0.097,0.0
transformed_mm,119,mm,108.08134081514794,103.69840535757672,200.061,-179.945,-0.097,0.0
transformed_mm,120,mm,107.54152483686241,103.53381079229763,200.061,-179.945,-0.097,0.0
transformed_mm,121,mm,107.0016686562854,103.36934813482137,200.061,-179.945,-0.097,0.0
transformed_mm,122,mm,106.46177383412713,103.20501237335918,200.061,-179.945,-0.097,0.0
transformed_mm,123,mm,105.92184192919083,103.0407984896716,200.061,-179.945,-0.097,0.0
transformed_mm,124,mm,105.38187449845212,102.87670145929482,200.061,-179.945,-0.097,0.0
transformed_mm,125,mm,104.84187309713879,102.71271625176712,200.061,-179.945,-0.097,0.0
transformed_mm,126,mm,104.30183927881161,102.54883783085549,200.061,-179.945,-0.097,0.0
transformed_mm,127,mm,103.76177459544569,102.38506115478206,200.061,-179.945,-0.097,0.0
transformed_mm,128,mm,103.22168059751253,102.22138117645028,200.061,-179.945,-0.097,0.0
transformed_mm,129,mm,102.68155883406281,102.05779284367146,200.061,-179.945,-0.097,0.0
transformed_mm,130,mm,102.14141085280971,101.89429109939107,200.061,-179.945,-0.097,0.0
transformed_mm,131,mm,101.60123820021286,101.73087088191502,200.061,-179.945,-0.097,0.0
transformed_mm,132,mm,101.06104242156275,101.56752712513604,200.061,-179.945,-0.097,0.0
transformed_mm,133,mm,100.52082506106598,101.40425475875983,200.061,-179.945,-0.097,0.0
transformed_mm,134,mm,99.98058766193057,101.24104870853155,200.061,-179.945,-0.097,0.0
transformed_mm,135,mm,99.44033176645215,101.07790389646189,200.061,-179.945,-0.097,0.0
transformed_mm,136,mm,98.90005891610028,100.91481524105352,200.061,-179.945,-0.097,0.0
transformed_mm,137,mm,98.3597706516054,100.75177765752751,200.061,-179.945,-0.097,0.0
transformed_mm,138,mm,97.8194685130461,100.58878605804938,200.061,-179.945,-0.097,0.0
transformed_mm,139,mm,97.27915403993666,100.42583535195573,200.061,-179.945,-0.097,0.0
transformed_mm,140,mm,96.73882877131499,100.26292044598053,200.061,-179.945,-0.097,0.0
transformed_mm,141,mm,96.1984942458309,100.10003624448153,200.061,-179.945,-0.097,0.0
transformed_mm,142,mm,95.65815200183461,99.9371776496669,200.061,-179.945,-0.097,0.0
transformed_mm,143,mm,95.1178035774654,99.77433956182149,200.061,-179.945,-0.097,0.0
transformed_mm,144,mm,94.57745051074052,99.61151687953381,200.061,-179.945,-0.097,0.0
transformed_mm,145,mm,94.03709433964443,99.44870449992231,200.061,-179.945,-0.097,0.0
transformed_mm,146,mm,93.49673660221788,99.28589731886242,200.061,-179.945,-0.097,0.0
transformed_mm,147,mm,92.95637883664735,99.12309023121324,200.061,-179.945,-0.097,0.0
transformed_mm,148,mm,92.41602258135451,98.96027813104438,200.061,-179.945,-0.097,0.0
transformed_mm,149,mm,91.87566937508564,98.79745591186315,200.061,-179.945,-0.097,0.0
transformed_mm,150,mm,91.33532075700117,98.63461846684143,200.061,-179.945,-0.097,0.0
transformed_mm,151,mm,90.79497826676521,98.47176068904308,200.061,-179.945,-0.097,0.0
transformed_mm,152,mm,90.254643444635,98.30887747165121,200.061,-179.945,-0.097,0.0
transformed_mm,153,mm,89.71431783155029,98.14596370819552,200.061,-179.945,-0.097,0.0
transformed_mm,154,mm,89.17400296922263,97.98301429278004,200.061,-179.945,-0.097,0.0
transformed_mm,155,mm,88.6337004002246,97.82002412031069,200.061,-179.945,-0.097,0.0
transformed_mm,156,mm,88.09341166807874,97.65698808672317,200.061,-179.945,-0.097,0.0
transformed_mm,157,mm,87.55313831734635,97.49390108921105,200.061,-179.945,-0.097,0.0
transformed_mm,158,mm,87.01288189371621,97.33075802645384,200.061,-179.945,-0.097,0.0
transformed_mm,159,mm,86.47264394409284,97.16755379884519,200.061,-179.945,-0.097,0.0
transformed_mm,160,mm,85.93242601668442,97.0042833087217,200.061,-179.945,-0.097,0.0
transformed_mm,161,mm,85.3922296610908,96.84094146059127,200.061,-179.945,-0.097,0.0
transformed_mm,162,mm,84.85205642839072,96.67752316136199,200.061,-179.945,-0.097,0.0
transformed_mm,163,mm,84.31190787122894,96.51402332057133,200.061,-179.945,-0.097,0.0
transformed_mm,164,mm,83.77178554390274,96.35043685061511,200.061,-179.945,-0.097,0.0
transformed_mm,165,mm,83.23169100244823,96.18675866697714,200.061,-179.945,-0.097,0.0
transformed_mm,166,mm,82.69162580472599,96.02298368845868,200.061,-179.945,-0.097,0.0
transformed_mm,167,mm,82.15159151050639,95.85910683740832,200.061,-179.945,-0.097,0.0
transformed_mm,168,mm,81.61158968155415,95.69512303995205,200.061,-179.945,-0.097,0.0
transformed_mm,169,mm,81.0716218817127,95.53102722622342,200.061,-179.945,-0.097,0.0
transformed_mm,170,mm,80.5316896769875,95.36681433059414,200.061,-179.945,-0.097,0.0
transformed_mm,171,mm,79.99179463562918,95.20247929190468,200.061,-179.945,-0.097,0.0
transformed_mm,172,mm,79.45193832821566,95.03801705369531,200.061,-179.945,-0.097,0.0
transformed_mm,173,mm,78.91212232773393,94.87342256443716,200.061,-179.945,-0.097,0.0
transformed_mm,174,mm,78.37234820966087,94.70869077776374,200.061,-179.945,-0.097,0.0
transformed_mm,175,mm,77.83261755204349,94.54381665270259,200.061,-179.945,-0.097,0.0
transformed_mm,176,mm,77.2929319355782,94.3787951539071,200.061,-179.945,-0.097,0.0
transformed_mm,177,mm,76.75329294368962,94.2136212518888,200.061,-179.945,-0.097,0.0
transformed_mm,178,mm,76.21370216260813,94.04828992324964,200.061,-179.945,-0.097,0.0
transformed_mm,179,mm,75.67416118144702,93.88279615091479,200.061,-179.945,-0.097,0.0
transformed_mm,180,mm,75.13467159227838,93.71713492436538,200.061,-179.945,-0.097,0.0
transformed_mm,181,mm,74.59523499020823,93.55130123987195,200.061,-179.945,-0.097,0.0
transformed_mm,182,mm,74.05585297345078,93.38529010072764,200.061,-179.945,-0.097,0.0
transformed_mm,183,mm,73.51652714340153,93.21909651748206,200.061,-179.945,-0.097,0.0
transformed_mm,184,mm,72.9772591047095,93.05271550817518,200.061,-179.945,-0.097,0.0
transformed_mm,185,mm,72.43805046534843,92.88614209857157,200.061,-179.945,-0.097,0.0
transformed_mm,186,mm,71.89890283668673,92.71937132239498,200.061,-179.945,-0.097,0.0
transformed_mm,187,mm,71.3598178335566,92.55239822156298,200.061,-179.945,-0.097,0.0
transformed_mm,188,mm,70.82079707432197,92.38521784642205,200.061,-179.945,-0.097,0.0
transformed_mm,189,mm,70.28184218094498,92.21782525598292,200.061,-179.945,-0.097,0.0
transformed_mm,190,mm,69.74295477905173,92.05021551815588,200.061,-179.945,-0.097,0.0
transformed_mm,191,mm,69.20413649799656,91.88238370998695,200.061,-179.945,-0.097,0.0
transformed_mm,192,mm,68.66538897092508,91.71432491789366,200.061,-179.945,-0.097,0.0
transformed_mm,193,mm,68.12671383483604,91.54603423790135,200.061,-179.945,-0.097,0.0
transformed_mm,194,mm,67.5881127306419,91.37750677587994,200.061,-179.945,-0.097,0.0
transformed_mm,195,mm,67.04958730322797,91.20873764778055,200.061,-179.945,-0.097,0.0
transformed_mm,196,mm,66.51113920151026,91.03972197987261,200.061,-179.945,-0.097,0.0
transformed_mm,197,mm,65.972770078492,90.8704549089812,200.061,-179.945,-0.097,0.0
transformed_mm,198,mm,65.4344815913187,90.70093158272445,200.061,-179.945,-0.097,0.0
transformed_mm,199,mm,64.8962754013317,90.53114715975134,200.061,-179.945,-0.097,0.0
transformed_mm,200,mm,64.35815317412049,90.36109680997974,200.061,-179.945,-0.097,0.0
transformed_mm,201,mm,63.82011657957324,90.19077571483444,200.061,-179.945,-0.097,0.0
transformed_mm,202,mm,63.28216729192605,90.02017906748566,200.061,-179.945,-0.097,0.0
transformed_mm,203,mm,62.7443069898105,89.84930207308759,200.061,-179.945,-0.097,0.0
transformed_mm,204,mm,62.20653735629972,89.67813994901712,200.061,-179.945,-0.097,0.0
transformed_mm,205,mm,61.6688600789529,89.50668792511294,200.061,-179.945,-0.097,0.0
transformed_mm,206,mm,61.13127684985806,89.33494124391453,200.061,-179.945,-0.097,0.0
transformed_mm,207,mm,60.593789365673146,89.16289516090147,200.061,-179.945,-0.097,0.0
transformed_mm,208,mm,60.05639932766568,88.99054494473299,200.061,-179.945,-0.097,0.0
transformed_mm,209,mm,59.51910844175044,88.81788587748756,200.061,-179.945,-0.097,0.0
transformed_mm,210,mm,58.98191841852554,88.64491325490246,200.061,-179.945,-0.097,0.0
transformed_mm,211,mm,58.44483097330687,88.47162238661383,200.061,-179.945,-0.097,0.0
transformed_mm,212,mm,57.90784782616043,88.29800859639653,200.061,-179.945,-0.097,0.0
transformed_mm,213,mm,57.37097070193329,88.1240672224042,200.061,-179.945,-0.097,0.0
transformed_mm,214,mm,56.83420133028228,87.94979361740938,200.061,-179.945,-0.097,0.0
transformed_mm,215,mm,56.297541445701235,87.77518314904384,200.061,-179.945,-0.097,0.0
transformed_mm,216,mm,55.76099278754614,87.6002312000386,200.061,-179.945,-0.097,0.0
transformed_mm,217,mm,55.22455710005831,87.42493316846448,200.061,-179.945,-0.097,0.0
transformed_mm,218,mm,54.420119216435836,87.16132718796705,200.061,-179.945,-0.097,0.0
transformed_mm,219,mm,54.250258076220234,87.01374762749236,200.061,-179.945,-0.097,0.0
transformed_mm,220,mm,54.34393775220672,86.45722762429142,200.061,-179.945,-0.097,0.0
transformed_mm,221,mm,54.44190125999602,85.90144563573051,200.061,-179.945,-0.097,0.0
transformed_mm,222,mm,54.54401160027139,85.34641044668446,200.061,-179.945,-0.097,0.0
transformed_mm,223,mm,54.65013307597698,84.79212806269697,200.061,-179.945,-0.097,0.0
transformed_mm,224,mm,54.760131375705924,84.23860184837366,200.061,-179.945,-0.097,0.0
transformed_mm,225,mm,54.87387364370662,83.68583266348098,200.061,-179.945,-0.097,0.0
transformed_mm,226,mm,54.991228537308686,83.1338189962501,200.061,-179.945,-0.097,0.0
transformed_mm,227,mm,55.112066272562245,82.58255709346258,200.061,-179.945,-0.097,0.0
transformed_mm,228,mm,55.23625865887192,82.03204108696795,200.061,-179.945,-0.097,0.0
transformed_mm,229,mm,55.36367912339121,81.48226311635075,200.061,-179.945,-0.097,0.0
transformed_mm,230,mm,55.494202725916594,80.93321344752505,200.061,-179.945,-0.097,0.0
transformed_mm,231,mm,55.62772615438261,80.38488550875306,200.061,-179.945,-0.097,0.0
transformed_mm,232,mm,55.764112633226986,79.83726267568879,200.061,-179.945,-0.097,0.0
transformed_mm,233,mm,55.90323339336429,79.29032808398341,200.061,-179.945,-0.097,0.0
transformed_mm,234,mm,56.04497029101511,78.74406560680312,200.061,-179.945,-0.097,0.0
transformed_mm,235,mm,56.18920676413069,78.19845777947282,200.061,-179.945,-0.097,0.0
transformed_mm,236,mm,56.3358278034631,77.65348589082384,200.061,-179.945,-0.097,0.0
transformed_mm,237,mm,56.484719918584794,77.10913007022758,200.061,-179.945,-0.097,0.0
transformed_mm,238,mm,56.635771099335614,76.56536937040755,200.061,-179.945,-0.097,0.0
transformed_mm,239,mm,56.78887077314229,76.02218184614166,200.061,-179.945,-0.097,0.0
transformed_mm,240,mm,56.94390975862407,75.47954462898421,200.061,-179.945,-0.097,0.0
transformed_mm,241,mm,57.10078021586708,74.93743399814994,200.061,-179.945,-0.097,0.0
transformed_mm,242,mm,57.25937559371955,74.395825447715,200.061,-179.945,-0.097,0.0
transformed_mm,243,mm,57.41959057443355,73.8546937502991,200.061,-179.945,-0.097,0.0
transformed_mm,244,mm,57.58132101595042,73.31401301740021,200.061,-179.945,-0.097,0.0
transformed_mm,245,mm,57.74446389210237,72.77375675656025,200.061,-179.945,-0.097,0.0
transformed_mm,246,mm,57.90891723097948,72.23389792554393,200.061,-179.945,-0.097,0.0
transformed_mm,247,mm,58.07458005168826,71.69440898371715,200.061,-179.945,-0.097,0.0
transformed_mm,248,mm,58.24135229970764,71.15526194081278,200.061,-179.945,-0.097,0.0
transformed_mm,249,mm,58.40913478102982,70.61642840327461,200.061,-179.945,-0.097,0.0
transformed_mm,250,mm,58.57782909525465,70.07787961836976,200.061,-179.945,-0.097,0.0
transformed_mm,251,mm,58.747337567791455,69.53958651626104,200.061,-179.945,-0.097,0.0
transformed_mm,252,mm,58.91756318130716,69.0015197502299,200.061,-179.945,-0.097,0.0
transformed_mm,253,mm,59.088409506546455,68.46364973524095,200.061,-179.945,-0.097,0.0
transformed_mm,254,mm,59.25978063263869,67.92594668503729,200.061,-179.945,-0.097,0.0
transformed_mm,255,mm,59.43158109699578,67.38838064795593,200.061,-179.945,-0.097,0.0
transformed_mm,256,mm,59.60371581489638,66.85092154165056,200.061,-179.945,-0.097,0.0
transformed_mm,257,mm,59.77609000884513,66.31353918690895,200.061,-179.945,-0.097,0.0
transformed_mm,258,mm,59.948609137788424,65.77620334075027,200.061,-179.945,-0.097,0.0
transformed_mm,259,mm,60.12117882626468,65.23888372898736,200.061,-179.945,-0.097,0.0
transformed_mm,260,mm,60.29370479356265,64.70155007843711,200.061,-179.945,-0.097,0.0
transformed_mm,261,mm,60.46609278295974,64.16417214896313,200.061,-179.945,-0.097,0.0
transformed_mm,262,mm,60.638248491111234,63.626719765531746,200.061,-179.945,-0.097,0.0
transformed_mm,263,mm,60.81007749766114,63.08916285046385,200.061,-179.945,-0.097,0.0
transformed_mm,264,mm,60.98148519514797,62.5514714560638,200.061,-179.945,-0.097,0.0
transformed_mm,265,mm,61.15237671928019,62.01361579780621,200.061,-179.945,-0.097,0.0
transformed_mm,266,mm,61.322656879661544,61.47556628826152,200.061,-179.945,-0.097,0.0
transformed_mm,267,mm,61.49223009105079,60.93729357194064,200.061,-179.945,-0.097,0.0
transformed_mm,268,mm,61.66100030524685,60.39876856123926,200.061,-179.945,-0.097,0.0
transformed_mm,269,mm,61.80445923946774,59.85330354017908,200.061,-179.945,-0.097,0.0
transformed_mm,270,mm,61.935668037939124,59.30441726127891,200.061,-179.945,-0.097,0.0
transformed_mm,271,mm,62.069425003254096,58.756146326079545,200.061,-179.945,-0.097,0.0
transformed_mm,272,mm,62.20567332151039,58.208489147400726,200.061,-179.945,-0.097,0.0
transformed_mm,273,mm,62.34435565738637,57.66144322439575,200.061,-179.945,-0.097,0.0
transformed_mm,274,mm,62.485414186959886,57.11500515553122,200.061,-179.945,-0.097,0.0
transformed_mm,275,mm,62.62879062914969,56.56917065258956,200.061,-179.945,-0.097,0.0
transformed_mm,276,mm,62.774426275751495,56.023934555622645,200.061,-179.945,-0.097,0.0
transformed_mm,277,mm,62.922262020048436,55.47929084878731,200.061,-179.945,-0.097,0.0
transformed_mm,278,mm,63.072238383980945,54.93523267699484,200.061,-179.945,-0.097,0.0
transformed_mm,279,mm,63.22429554386748,54.391752363309344,200.061,-179.945,-0.097,0.0
transformed_mm,280,mm,63.3783733546708,53.848841427031786,200.061,-179.945,-0.097,0.0
transformed_mm,281,mm,63.53441137281275,53.3064906024098,200.061,-179.945,-0.097,0.0
transformed_mm,282,mm,63.692348877541335,52.764689857915556,200.061,-179.945,-0.097,0.0
transformed_mm,283,mm,63.85212489086251,52.22342841603761,200.061,-179.945,-0.097,0.0
transformed_mm,284,mm,64.01367819604857,51.68269477353499,200.061,-179.945,-0.097,0.0
transformed_mm,285,mm,64.17694735474373,51.14247672210547,200.061,-179.945,-0.097,0.0
transformed_mm,286,mm,64.34187072268733,50.60276136942302,200.061,-179.945,-0.097,0.0
transformed_mm,287,mm,64.50838646407949,50.06353516050221,200.061,-179.945,-0.097,0.0
transformed_mm,288,mm,64.6764325646186,49.5247838993518,200.061,-179.945,-0.097,0.0
transformed_mm,289,mm,64.84594684323982,48.98649277088106,200.061,-179.945,-0.097,0.0
transformed_mm,290,mm,65.01686696259029,48.44864636302809,200.061,-179.945,-0.097,0.0
transformed_mm,291,mm,65.18913043827406,47.91122868908002,200.061,-179.945,-0.097,0.0
transformed_mm,292,mm,65.36267464690735,47.37422321016043,200.061,-179.945,-0.097,0.0
transformed_mm,293,mm,65.53743683302226,46.83761285786043,200.061,-179.945,-0.097,0.0
transformed_mm,294,mm,65.71335411486118,46.30138005699473,200.061,-179.945,-0.097,0.0
transformed_mm,295,mm,65.8903634891054,45.76550674846557,200.061,-179.945,-0.097,0.0
transformed_mm,296,mm,66.06840183458192,45.22997441222068,200.061,-179.945,-0.097,0.0
transformed_mm,297,mm,66.24740591499548,44.69476409029487,200.061,-179.945,-0.097,0.0
transformed_mm,298,mm,66.42731238073173,44.159856409926306,200.061,-179.945,-0.097,0.0
transformed_mm,299,mm,66.60805776978144,43.62523160674205,200.061,-179.945,-0.097,0.0
transformed_mm,300,mm,66.78957850783365,43.09086954800962,200.061,-179.945,-0.097,0.0
transformed_mm,301,mm,66.97181090758896,42.55674975595335,200.061,-179.945,-0.097,0.0
transformed_mm,302,mm,67.15469116734391,42.02285143113673,200.061,-179.945,-0.097,0.0
transformed_mm,303,mm,67.33815536889801,41.48915347591454,200.061,-179.945,-0.097,0.0
transformed_mm,304,mm,67.5221394748369,40.95563451795903,200.061,-179.945,-0.097,0.0
transformed_mm,305,mm,67.70657932524439,40.42227293386783,200.061,-179.945,-0.097,0.0
transformed_mm,306,mm,67.89141063389813,39.889046872862195,200.061,-179.945,-0.097,0.0
transformed_mm,307,mm,68.07656898400367,39.35593428058522,200.061,-179.945,-0.097,0.0
transformed_mm,308,mm,68.26198982352228,38.82291292301207,200.061,-179.945,-0.097,0.0
transformed_mm,309,mm,68.4476084601496,38.289960410484625,200.061,-179.945,-0.097,0.0
transformed_mm,310,mm,68.63336005600151,37.757054221884225,200.061,-179.945,-0.097,0.0
transformed_mm,311,mm,68.8191796220655,37.22417172895768,200.061,-179.945,-0.097,0.0
transformed_mm,312,mm,69.00500201247596,36.69129022081118,200.061,-179.945,-0.097,0.0
transformed_mm,313,mm,69.19076191867313,36.15838692858895,200.061,-179.945,-0.097,0.0
transformed_mm,314,mm,69.37639386350568,35.625439050352206,200.061,-179.945,-0.097,0.0
transformed_mm,315,mm,69.5618321953382,35.09242377617572,200.061,-179.945,-0.097,0.0
transformed_mm,316,mm,69.74701108222575,34.55931831347872,200.061,-179.945,-0.097,0.0
transformed_mm,317,mm,70.0241484868,33.759441269179014,200.061,-179.945,-0.097,0.0
transformed_mm,318,mm,70.5605937716625,33.909595516136186,200.061,-179.945,-0.097,0.0
transformed_mm,319,mm,71.10196003658544,34.06901705559411,200.061,-179.945,-0.097,0.0
transformed_mm,320,mm,71.64337851279811,34.2282611885759,200.061,-179.945,-0.097,0.0
transformed_mm,321,mm,72.18484631329711,34.387337527280266,200.061,-179.945,-0.097,0.0
transformed_mm,322,mm,72.72636053906251,34.546255757970435,200.061,-179.945,-0.097,0.0
transformed_mm,323,mm,73.26791827954148,34.70502563771434,200.061,-179.945,-0.097,0.0
transformed_mm,324,mm,73.80951661312866,34.863656991072,200.061,-179.945,-0.097,0.0
transformed_mm,325,mm,74.35115260764417,35.022159706732864,200.061,-179.945,-0.097,0.0
transformed_mm,326,mm,74.89282332080815,35.18054373410551,200.061,-179.945,-0.097,0.0
transformed_mm,327,mm,75.43452580071344,35.338819079860556,200.061,-179.945,-0.097,0.0
transformed_mm,328,mm,75.97625708629559,35.49699580443091,200.061,-179.945,-0.097,0.0
transformed_mm,329,mm,76.51801422098988,35.65508397325987,200.061,-179.945,-0.097,0.0
transformed_mm,330,mm,77.05979425093685,35.81309366086099,200.061,-179.945,-0.097,0.0
transformed_mm,331,mm,77.60159414128003,35.971035235934075,200.061,-179.945,-0.097,0.0
transformed_mm,332,mm,78.14341089668038,36.12891894617389,200.061,-179.945,-0.097,0.0
transformed_mm,333,mm,78.68524151516986,36.28675507425698,200.061,-179.945,-0.097,0.0
transformed_mm,334,mm,79.22708298861328,36.444553934124166,200.061,-179.945,-0.097,0.0
transformed_mm,335,mm,79.76893230316908,36.60232586723738,200.061,-179.945,-0.097,0.0
transformed_mm,336,mm,80.31078643975032,36.760081238813406,200.061,-179.945,-0.097,0.0
transformed_mm,337,mm,80.85264237448536,36.91783043403852,200.061,-179.945,-0.097,0.0
transformed_mm,338,mm,81.3944970791793,37.07558385426496,200.061,-179.945,-0.097,0.0
transformed_mm,339,mm,81.9363475217759,37.233351913193424,200.061,-179.945,-0.097,0.0
transformed_mm,340,mm,82.47819066682068,37.39114503304325,200.061,-179.945,-0.097,0.0
transformed_mm,341,mm,83.02002347592551,37.54897364071373,200.061,-179.945,-0.097,0.0
transformed_mm,342,mm,83.56184290823472,37.7068481639392,200.061,-179.945,-0.097,0.0
transformed_mm,343,mm,84.10364592089356,37.86477902744025,200.061,-179.945,-0.097,0.0
transformed_mm,344,mm,84.6454294695187,38.022776649074316,200.061,-179.945,-0.097,0.0
transformed_mm,345,mm,85.18719050867186,38.18085143598837,200.061,-179.945,-0.097,0.0
transformed_mm,346,mm,85.72892599233634,38.33901378077632,200.061,-179.945,-0.097,0.0
transformed_mm,347,mm,86.27063287439667,38.49727405764409,200.061,-179.945,-0.097,0.0
transformed_mm,348,mm,86.81230810912241,38.655642618584636,200.061,-179.945,-0.097,0.0
transformed_mm,349,mm,87.35394865165568,38.81412978956676,200.061,-179.945,-0.097,0.0
transformed_mm,350,mm,87.89555145850291,38.972745866739416,200.061,-179.945,-0.097,0.0
transformed_mm,351,mm,88.43711348803139,39.13150111265463,200.061,-179.945,-0.097,0.0
transformed_mm,352,mm,88.97863170097052,39.29040575251204,200.061,-179.945,-0.097,0.0
transformed_mm,353,mm,89.52010306091819,39.449469970427316,200.061,-179.945,-0.097,0.0
transformed_mm,354,mm,90.06152453485248,39.60870390572741,200.061,-179.945,-0.097,0.0
transformed_mm,355,mm,90.60289309364902,39.768117649275325,200.061,-179.945,-0.097,0.0
transformed_mm,356,mm,91.14420571260402,39.92772123982671,200.061,-179.945,-0.097,0.0
transformed_mm,357,mm,91.68545937196342,40.087524660421394,200.061,-179.945,-0.097,0.0
transformed_mm,358,mm,92.226651057458,40.24753783481213,200.061,-179.945,-0.097,0.0
transformed_mm,359,mm,92.76777776084501,40.40777062393269,200.061,-179.945,-0.097,0.0
transformed_mm,360,mm,93.30883648045605,40.56823282240876,200.061,-179.945,-0.097,0.0
transformed_mm,361,mm,93.84982422175162,40.72893415511321,200.061,-179.945,-0.097,0.0
transformed_mm,362,mm,94.39073799788234,40.88988427376823,200.061,-179.945,-0.097,0.0
transformed_mm,363,mm,94.93157483025665,41.05109275359767,200.061,-179.945,-0.097,0.0
transformed_mm,364,mm,95.47233174911557,41.212569090029895,200.061,-179.945,-0.097,0.0
transformed_mm,365,mm,96.013005794114,41.374322695455916,200.061,-179.945,-0.097,0.0
transformed_mm,366,mm,96.55359401490882,41.53636289604263,200.061,-179.945,-0.097,0.0
transformed_mm,367,mm,97.0940934717539,41.698698928605,200.061,-179.945,-0.097,0.0
transformed_mm,368,mm,97.63450123610143,41.86133993753832,200.061,-179.945,-0.097,0.0
transformed_mm,369,mm,98.17481439121018,42.02429497181271,200.061,-179.945,-0.097,0.0
transformed_mm,370,mm,98.71503003276004,42.18757298203231,200.061,-179.945,-0.097,0.0
transformed_mm,371,mm,99.25514526947289,42.35118281756034,200.061,-179.945,-0.097,0.0
transformed_mm,372,mm,99.79515722373982,42.51513322371214,200.061,-179.945,-0.097,0.0
transformed_mm,373,mm,100.33506303225417,42.67943283901817,200.061,-179.945,-0.097,0.0
transformed_mm,374,mm,100.87485984665038,42.8440901925581,200.061,-179.945,-0.097,0.0
transformed_mm,375,mm,101.41454483414836,43.00911370136805,200.061,-179.945,-0.097,0.0
transformed_mm,376,mm,101.95411517820328,43.17451166792246,200.061,-179.945,-0.097,0.0
transformed_mm,377,mm,102.4935680791601,43.34029227769139,200.061,-179.945,-0.097,0.0
transformed_mm,378,mm,103.03299138049178,43.50616919042454,200.061,-179.945,-0.097,0.0
transformed_mm,379,mm,103.57252853930727,43.67167537490755,200.061,-179.945,-0.097,0.0
transformed_mm,380,mm,104.11218722104151,43.83678487832235,200.061,-179.945,-0.097,0.0
transformed_mm,381,mm,104.651971818692,44.00148225906749,200.061,-179.945,-0.097,0.0
transformed_mm,382,mm,105.19188668342895,44.16575208668378,200.061,-179.945,-0.097,0.0
transformed_mm,383,mm,105.73193612819223,44.32957892552169,200.061,-179.945,-0.097,0.0
transformed_mm,384,mm,106.27212443116046,44.492947318611385,200.061,-179.945,-0.097,0.0
transformed_mm,385,mm,106.81245583909755,44.65584177169824,200.061,-179.945,-0.097,0.0
transformed_mm,386,mm,107.35293457058098,44.81824673740558,200.061,-179.945,-0.097,0.0
transformed_mm,387,mm,107.89356481911652,44.980146599490446,200.061,-179.945,-0.097,0.0
transformed_mm,388,mm,108.43435075614303,45.14152565715686,200.061,-179.945,-0.097,0.0
transformed_mm,389,mm,108.97529653393053,45.30236810939239,200.061,-179.945,-0.097,0.0
transformed_mm,390,mm,109.51640628837457,45.462658039295036,200.061,-179.945,-0.097,0.0
transformed_mm,391,mm,110.05768414168939,45.62237939835687,200.061,-179.945,-0.097,0.0
transformed_mm,392,mm,110.5991342050016,45.78151599067159,200.061,-179.945,-0.097,0.0
transformed_mm,393,mm,111.14076058084623,45.9400514570339,200.061,-179.945,-0.097,0.0
transformed_mm,394,mm,111.68256736556603,46.09796925889765,200.061,-179.945,-0.097,0.0
transformed_mm,395,mm,112.22455865161454,46.25525266216074,200.061,-179.945,-0.097,0.0
transformed_mm,396,mm,112.7667385297633,46.411884720743714,200.061,-179.945,-0.097,0.0
transformed_mm,397,mm,113.3091110912123,46.56784825992964,200.061,-179.945,-0.097,0.0
transformed_mm,398,mm,113.85168042960349,46.7231258594316,200.061,-179.945,-0.097,0.0
transformed_mm,399,mm,114.39445064293528,46.87769983615439,200.061,-179.945,-0.097,0.0
transformed_mm,400,mm,114.93742583537612,47.0315522266164,200.061,-179.945,-0.097,0.0
transformed_mm,401,mm,115.48061011897471,47.184664768996214,200.061,-179.945,-0.097,0.0
transformed_mm,402,mm,116.02400761526371,47.33701888476872,200.061,-179.945,-0.097,0.0
transformed_mm,403,mm,116.56762245675255,47.48859565989423,200.061,-179.945,-0.097,0.0
transformed_mm,404,mm,117.11145878830533,47.639375825522464,200.061,-179.945,-0.097,0.0
transformed_mm,405,mm,117.6555207683981,47.789339738173744,200.061,-179.945,-0.097,0.0
transformed_mm,406,mm,118.19981263342845,47.93846712805261,200.061,-179.945,-0.097,0.0
transformed_mm,407,mm,118.74433923489681,48.08673509550795,200.061,-179.945,-0.097,0.0
transformed_mm,408,mm,119.2888318619309,48.23495689895492,200.061,-179.945,-0.097,0.0
transformed_mm,409,mm,119.8163823214915,48.435380318823604,200.061,-179.945,-0.097,0.0
transformed_mm,410,mm,120.34816670715563,48.62428432998389,200.061,-179.945,-0.097,0.0
transformed_mm,411,mm,120.88356942346498,48.80267878383866,200.061,-179.945,-0.097,0.0
transformed_mm,412,mm,121.42204278289391,48.97158377061172,200.061,-179.945,-0.097,0.0
transformed_mm,413,mm,121.96310121564862,49.13202132119872,200.061,-179.945,-0.097,0.0
transformed_mm,414,mm,122.50631482168029,49.28500937903683,200.061,-179.945,-0.097,0.0
transformed_mm,415,mm,123.0513026008858,49.43155776120582,200.061,-179.945,-0.097,0.0
transformed_mm,416,mm,123.59772560182068,49.57266581255236,200.061,-179.945,-0.097,0.0
transformed_mm,417,mm,124.1452801476165,49.709321462003366,200.061,-179.945,-0.097,0.0
transformed_mm,418,mm,124.69369123127018,49.84250140806,200.061,-179.945,-0.097,0.0
transformed_mm,419,mm,125.24270612041242,49.973172184240774,200.061,-179.945,-0.097,0.0
transformed_mm,420,mm,125.79208817254546,50.10229188020638,200.061,-179.945,-0.097,0.0
transformed_mm,421,mm,126.34161083372013,50.230812317134365,200.061,-179.945,-0.097,0.0
transformed_mm,422,mm,126.8910517749424,50.35968149446897,200.061,-179.945,-0.097,0.0
transformed_mm,423,mm,127.44018428813288,50.48985794707447,200.061,-179.945,-0.097,0.0
transformed_mm,424,mm,127.9887727662998,50.62230690810382,200.061,-179.945,-0.097,0.0
transformed_mm,425,mm,128.5365737561986,50.757973677125776,200.061,-179.945,-0.097,0.0
transformed_mm,426,mm,129.0833225576501,50.897817136858094,200.061,-179.945,-0.097,0.0
transformed_mm,427,mm,129.62872898497272,51.04280327782752,200.061,-179.945,-0.097,0.0
transformed_mm,428,mm,130.17247119343597,51.1939055706817,200.061,-179.945,-0.097,0.0
transformed_mm,429,mm,130.71418940561662,51.35210430893984,200.061,-179.945,-0.097,0.0
transformed_mm,430,mm,131.25347961446664,51.518384683077386,200.061,-179.945,-0.097,0.0
transformed_mm,431,mm,131.7898873976537,51.69373333346806,200.061,-179.945,-0.097,0.0
transformed_mm,432,mm,132.32290204788646,51.879133126752635,200.061,-179.945,-0.097,0.0
transformed_mm,433,mm,132.85195130547862,52.07555591459966,200.061,-179.945,-0.097,0.0
transformed_mm,434,mm,133.3763970690929,52.28395307376971,200.061,-179.945,-0.097,0.0
transformed_mm,435,mm,133.89553255200804,52.505243700749006,200.061,-179.945,-0.097,0.0
transformed_mm,436,mm,134.4085814338861,52.74030045130082,200.061,-179.945,-0.097,0.0
transformed_mm,437,mm,134.91467979083652,52.98997188638015,200.061,-179.945,-0.097,0.0
transformed_mm,438,mm,135.41277660040168,53.255240429622276,200.061,-179.945,-0.097,0.0
transformed_mm,439,mm,135.8585435923436,53.51018462443899,200.061,-179.945,-0.097,0.0
prepared_mm,0,mm,135.8585435923436,53.51018462443899,200.061,-179.945,-0.097,0.0
prepared_mm,1,mm,135.5443555959034,54.45954525879766,200.061,-179.945,-0.097,0.0
prepared_mm,2,mm,135.23511468779324,55.41052430991316,200.061,-179.945,-0.097,0.0
prepared_mm,3,mm,134.92621871260735,56.361614794456514,200.061,-179.945,-0.097,0.0
prepared_mm,4,mm,134.61797356208456,57.312915365587756,200.061,-179.945,-0.097,0.0
prepared_mm,5,mm,134.310617304779,58.26450248843279,200.061,-179.945,-0.097,0.0
prepared_mm,6,mm,134.00430764638827,59.21642636977931,200.061,-179.945,-0.097,0.0
prepared_mm,7,mm,133.69912545393646,60.168712162457005,200.061,-179.945,-0.097,0.0
prepared_mm,8,mm,133.3950892497648,61.12136476494558,200.061,-179.945,-0.097,0.0
prepared_mm,9,mm,133.09217382233808,62.074374959938844,200.061,-179.945,-0.097,0.0
prepared_mm,10,mm,132.79032735520428,63.027725050797024,200.061,-179.945,-0.097,0.0
prepared_mm,11,mm,132.48948418697813,63.981393049054944,200.061,-179.945,-0.097,0.0
prepared_mm,12,mm,132.1895728160418,64.93535528992581,200.061,-179.945,-0.097,0.0
prepared_mm,13,mm,131.8905201816041,65.88958781899782,200.061,-179.945,-0.097,0.0
prepared_mm,14,mm,131.59225360025982,66.84406700658991,200.061,-179.945,-0.097,0.0
prepared_mm,15,mm,131.29470147289112,67.79876975806135,200.061,-179.945,-0.097,0.0
prepared_mm,16,mm,130.99779345075484,68.75367354732549,200.061,-179.945,-0.097,0.0
prepared_mm,17,mm,130.70146040486065,69.70875638695293,200.061,-179.945,-0.097,0.0
prepared_mm,18,mm,130.4056343382197,70.66399678079637,200.061,-179.945,-0.097,0.0
prepared_mm,19,mm,130.11024828603183,71.61937367389513,200.061,-179.945,-0.097,0.0
prepared_mm,20,mm,129.8152362155726,72.57486640339603,200.061,-179.945,-0.097,0.0
prepared_mm,21,mm,129.52053292872625,73.53045465130444,200.061,-179.945,-0.097,0.0
prepared_mm,22,mm,129.22607396772494,74.48611839911402,200.061,-179.945,-0.097,0.0
prepared_mm,23,mm,128.9317955239196,75.44183788413729,200.061,-179.945,-0.097,0.0
prepared_mm,24,mm,128.63763434977295,76.39759355747256,200.061,-179.945,-0.097,0.0
prepared_mm,25,mm,128.34352767436508,77.35336604357853,200.061,-179.945,-0.097,0.0
prepared_mm,26,mm,128.04941312142483,78.30913610104534,200.061,-179.945,-0.097,0.0
prepared_mm,27,mm,127.75522862760805,79.26488458376372,200.061,-179.945,-0.097,0.0
prepared_mm,28,mm,127.4609123596274,80.2205924019712,200.061,-179.945,-0.097,0.0
prepared_mm,29,mm,127.16640263158283,81.17624048349867,200.061,-179.945,-0.097,0.0
prepared_mm,30,mm,126.87163782559077,82.13180973608002,200.061,-179.945,-0.097,0.0
prepared_mm,31,mm,126.57655631778319,83.0872810112773,200.061,-179.945,-0.097,0.0
prepared_mm,32,mm,126.28109640937397,84.04263506985126,200.061,-179.945,-0.097,0.0
prepared_mm,33,mm,125.9851962610633,84.9978525479701,200.061,-179.945,-0.097,0.0
prepared_mm,34,mm,125.68879382857386,85.95291392349199,200.061,-179.945,-0.097,0.0
prepared_mm,35,mm,125.39182679609593,86.90779948122609,200.061,-179.945,-0.097,0.0
prepared_mm,36,mm,125.09423250324672,87.86248927570588,200.061,-179.945,-0.097,0.0
prepared_mm,37,mm,124.7959478622661,88.81696309035776,200.061,-179.945,-0.097,0.0
prepared_mm,38,mm,124.49690926618479,89.7712003931884,200.061,-179.945,-0.097,0.0
prepared_mm,39,mm,124.1970524925158,90.72518029028735,200.061,-179.945,-0.097,0.0
prepared_mm,40,mm,123.89631260761244,91.67888147862354,200.061,-179.945,-0.097,0.0
prepared_mm,41,mm,123.59462387552607,92.63228219924758,200.061,-179.945,-0.097,0.0
prepared_mm,42,mm,123.29191967675071,93.58536019261057,200.061,-179.945,-0.097,0.0
prepared_mm,43,mm,122.98813245340769,94.53809266154002,200.061,-179.945,-0.097,0.0
prepared_mm,44,mm,122.68319373438251,95.49045626006688,200.061,-179.945,-0.097,0.0
prepared_mm,45,mm,122.3770343960705,96.44242716126394,200.061,-179.945,-0.097,0.0
prepared_mm,46,mm,122.06958554399233,97.39398133574767,200.061,-179.945,-0.097,0.0
prepared_mm,47,mm,121.76078080209004,98.34509530970388,200.061,-179.945,-0.097,0.0
prepared_mm,48,mm,121.45056130403215,99.29574784491079,200.061,-179.945,-0.097,0.0
prepared_mm,49,mm,121.13888500582857,100.24592309504622,200.061,-179.945,-0.097,0.0
prepared_mm,50,mm,120.82574154984832,101.19561566115726,200.061,-179.945,-0.097,0.0
prepared_mm,51,mm,120.51117226412524,102.14483740891846,200.061,-179.945,-0.097,0.0
prepared_mm,52,mm,120.19529194952133,103.09362491100886,200.061,-179.945,-0.097,0.0
prepared_mm,53,mm,119.87830589810892,104.04204528269916,200.061,-179.945,-0.097,0.0
prepared_mm,54,mm,119.56051406223122,104.99019765702418,200.061,-179.945,-0.097,0.0
prepared_mm,55,mm,119.24229632092519,105.9382082342867,200.061,-179.945,-0.097,0.0
prepared_mm,56,mm,118.91607701024252,106.88349990677,200.061,-179.945,-0.097,0.0
prepared_mm,57,mm,118.05585144278743,106.77245385052719,200.061,-179.945,-0.097,0.0
prepared_mm,58,mm,117.1006839551753,106.476390563745,200.061,-179.945,-0.097,0.0
prepared_mm,59,mm,116.14547063494194,106.18047559108794,200.061,-179.945,-0.097,0.0
prepared_mm,60,mm,115.19017063662454,105.88484121291962,200.061,-179.945,-0.097,0.0
prepared_mm,61,mm,114.23475178096265,105.58959184073532,200.061,-179.945,-0.097,0.0
prepared_mm,62,mm,113.27919216587084,105.2947988206688,200.061,-179.945,-0.097,0.0
prepared_mm,63,mm,112.32347973674021,105.00050178929081,200.061,-179.945,-0.097,0.0
prepared_mm,64,mm,111.36761046757323,104.70671449255374,200.061,-179.945,-0.097,0.0
prepared_mm,65,mm,110.41158602335233,104.41343227565787,200.061,-179.945,-0.097,0.0
prepared_mm,66,mm,109.45541161041942,104.1206389756895,200.061,-179.945,-0.097,0.0
prepared_mm,67,mm,108.49909437626162,103.82831205633272,200.061,-179.945,-0.097,0.0
prepared_mm,68,mm,107.54264240425874,103.5364258370694,200.061,-179.945,-0.097,0.0
prepared_mm,69,mm,106.58606417133632,103.24495323932692,200.061,-179.945,-0.097,0.0
prepared_mm,70,mm,105.62936829444922,102.95386660721762,200.061,-179.945,-0.097,0.0
prepared_mm,71,mm,104.67256342707044,102.66313804773337,200.061,-179.945,-0.097,0.0
prepared_mm,72,mm,103.71565822183092,102.37273955907753,200.061,-179.945,-0.097,0.0
prepared_mm,73,mm,102.75866131868636,102.08264307723512,200.061,-179.945,-0.097,0.0
prepared_mm,74,mm,101.80158134230224,101.79282049298845,200.061,-179.945,-0.097,0.0
prepared_mm,75,mm,100.84442690281959,101.50324365808063,200.061,-179.945,-0.097,0.0
prepared_mm,76,mm,99.88720659785272,101.21388438743742,200.061,-179.945,-0.097,0.0
prepared_mm,77,mm,98.92992901484693,100.92471446026055,200.061,-179.945,-0.097,0.0
prepared_mm,78,mm,97.97260273339674,100.63570562128797,200.061,-179.945,-0.097,0.0
prepared_mm,79,mm,97.01523632726236,100.34682958308684,200.061,-179.945,-0.097,0.0
prepared_mm,80,mm,96.05783836595012,100.05805802982361,200.061,-179.945,-0.097,0.0
prepared_mm,81,mm,95.10041741597644,99.76936262211213,200.061,-179.945,-0.097,0.0
prepared_mm,82,mm,94.14298204210976,99.48071500195869,200.061,-179.945,-0.097,0.0
prepared_mm,83,mm,93.18554080878786,99.19208679714637,200.061,-179.945,-0.097,0.0
prepared_mm,84,mm,92.22810228168922,98.90344962512867,200.061,-179.945,-0.097,0.0
prepared_mm,85,mm,91.27067502937906,98.61477509669228,200.061,-179.945,-0.097,0.0
prepared_mm,86,mm,90.31326762504713,98.32603481932497,200.061,-179.945,-0.097,0.0
prepared_mm,87,mm,89.35588864833922,98.0372004002722,200.061,-179.945,-0.097,0.0
prepared_mm,88,mm,88.39854668708638,97.74824344992555,200.061,-179.945,-0.097,0.0
prepared_mm,89,mm,87.44125033864584,97.45913558648678,200.061,-179.945,-0.097,0.0
prepared_mm,90,mm,86.48400821082403,97.16984844200445,200.061,-179.945,-0.097,0.0
prepared_mm,91,mm,85.52682892272861,96.88035366862778,200.061,-179.945,-0.097,0.0
prepared_mm,92,mm,84.56972110595062,96.59062294373847,200.061,-179.945,-0.097,0.0
prepared_mm,93,mm,83.61269340615345,96.3006279736982,200.061,-179.945,-0.097,0.0
prepared_mm,94,mm,82.655754484861,96.01034049689987,200.061,-179.945,-0.097,0.0
prepared_mm,95,mm,81.69891302129858,95.71973228661346,200.061,-179.945,-0.097,0.0
prepared_mm,96,mm,80.74217771434037,95.42877515344848,200.061,-179.945,-0.097,0.0
prepared_mm,97,mm,79.78555728461139,95.1374409472687,200.061,-179.945,-0.097,0.0
prepared_mm,98,mm,78.82906047662107,94.84570155895813,200.061,-179.945,-0.097,0.0
prepared_mm,99,mm,77.87269606073866,94.55352892266265,200.061,-179.945,-0.097,0.0
prepared_mm,100,mm,76.91647283483691,94.26089501905756,200.061,-179.945,-0.097,0.0
prepared_mm,101,mm,75.96039962532248,93.9677718805261,200.061,-179.945,-0.097,0.0
prepared_mm,102,mm,75.00448528720138,93.67413159936942,200.061,-179.945,-0.097,0.0
prepared_mm,103,mm,74.04873870325592,93.37994633880581,200.061,-179.945,-0.097,0.0
prepared_mm,104,mm,73.09316878325009,93.08518834380162,200.061,-179.945,-0.097,0.0
prepared_mm,105,mm,72.13778446445781,92.78982994752975,200.061,-179.945,-0.097,0.0
prepared_mm,106,mm,71.18259471411531,92.49384357149118,200.061,-179.945,-0.097,0.0
prepared_mm,107,mm,70.22760853319527,92.19720172125353,200.061,-179.945,-0.097,0.0
prepared_mm,108,mm,69.2728349602595,91.89987698185725,200.061,-179.945,-0.097,0.0
prepared_mm,109,mm,68.31828307426534,91.60184201651066,200.061,-179.945,-0.097,0.0
prepared_mm,110,mm,67.36396199517792,91.30306957212602,200.061,-179.945,-0.097,0.0
prepared_mm,111,mm,66.40988087962037,91.0035325001149,200.061,-179.945,-0.097,0.0
prepared_mm,112,mm,65.45604890269377,90.70320381944231,200.061,-179.945,-0.097,0.0
prepared_mm,113,mm,64.5024751997241,90.40205690191756,200.061,-179.945,-0.097,0.0
prepared_mm,114,mm,63.54916870198866,90.10006598088026,200.061,-179.945,-0.097,0.0
prepared_mm,115,mm,62.596137730092025,89.79720739936413,200.061,-179.945,-0.097,0.0
prepared_mm,116,mm,61.64338911850125,89.49346228908024,200.061,-179.945,-0.097,0.0
prepared_mm,117,mm,60.69092658522237,89.18882155298041,200.061,-179.945,-0.097,0.0
prepared_mm,118,mm,59.738748125971554,88.88329382381097,200.061,-179.945,-0.097,0.0
prepared_mm,119,mm,58.786842500193266,88.57691619073897,200.061,-179.945,-0.097,0.0
prepared_mm,120,mm,57.83518539458503,88.26976590273927,200.061,-179.945,-0.097,0.0
prepared_mm,121,mm,56.8837364217609,87.96196951070753,200.061,-179.945,-0.097,0.0
prepared_mm,122,mm,55.93243838803425,87.65370506711253,200.061,-179.945,-0.097,0.0
prepared_mm,123,mm,54.981219909843055,87.34519408615108,200.061,-179.945,-0.097,0.0
prepared_mm,124,mm,54.28088844934927,86.83178270103089,200.061,-179.945,-0.097,0.0
prepared_mm,125,mm,54.45200207628782,85.84654122090907,200.061,-179.945,-0.097,0.0
prepared_mm,126,mm,54.659620253347825,84.86855116308101,200.061,-179.945,-0.097,0.0
prepared_mm,127,mm,54.869691938902676,83.89111594948056,200.061,-179.945,-0.097,0.0
prepared_mm,128,mm,55.08438682895701,82.91473394773018,200.061,-179.945,-0.097,0.0
prepared_mm,129,mm,55.30538133258949,81.93980463711519,200.061,-179.945,-0.097,0.0
prepared_mm,130,mm,55.53376690124518,80.96660858680889,200.061,-179.945,-0.097,0.0
prepared_mm,131,mm,55.77007509148599,79.9953098408455,200.061,-179.945,-0.097,0.0
prepared_mm,132,mm,56.014382646966936,79.02597401896362,200.061,-179.945,-0.097,0.0
prepared_mm,133,mm,56.266446947435085,78.05859291376125,200.061,-179.945,-0.097,0.0
prepared_mm,134,mm,56.52583103015151,77.09310788850937,200.061,-179.945,-0.097,0.0
prepared_mm,135,mm,56.791996945523515,76.12942793790106,200.061,-179.945,-0.097,0.0
prepared_mm,136,mm,57.06436442881163,75.16744164502079,200.061,-179.945,-0.097,0.0
prepared_mm,137,mm,57.342342309683886,74.20702423906316,200.061,-179.945,-0.097,0.0
prepared_mm,138,mm,57.62534266467234,73.24804148701872,200.061,-179.945,-0.097,0.0
prepared_mm,139,mm,57.91278568333881,72.29035181427273,200.061,-179.945,-0.097,0.0
prepared_mm,140,mm,58.20409976509123,71.33380741441395,200.061,-179.945,-0.097,0.0
prepared_mm,141,mm,58.49871805729538,70.37825444235564,200.061,-179.945,-0.097,0.0
prepared_mm,142,mm,58.79606966413917,69.42353170143068,200.061,-179.945,-0.097,0.0
prepared_mm,143,mm,59.095561102086485,68.46946656669273,200.061,-179.945,-0.097,0.0
prepared_mm,144,mm,59.39654240926417,67.51586659607361,200.061,-179.945,-0.097,0.0
prepared_mm,145,mm,59.698255498571136,66.56250618838953,200.061,-179.945,-0.097,0.0
prepared_mm,146,mm,59.99977306252099,65.60911063809644,200.061,-179.945,-0.097,0.0
prepared_mm,147,mm,60.29995421909035,64.65534489333061,200.061,-179.945,-0.097,0.0
prepared_mm,148,mm,60.59745991079846,63.700818952631565,200.061,-179.945,-0.097,0.0
prepared_mm,149,mm,60.89087122825113,62.74512182014516,200.061,-179.945,-0.097,0.0
prepared_mm,150,mm,61.17892376102193,61.78788756133434,200.061,-179.945,-0.097,0.0
prepared_mm,151,mm,61.46081405642568,60.82888121554302,200.061,-179.945,-0.097,0.0
prepared_mm,152,mm,61.736477645709506,59.868076708974016,200.061,-179.945,-0.097,0.0
prepared_mm,153,mm,62.006720885696986,58.90569420959098,200.061,-179.945,-0.097,0.0
prepared_mm,154,mm,62.2731333529843,57.94217665762358,200.061,-179.945,-0.097,0.0
prepared_mm,155,mm,62.537797121972325,56.97810987580581,200.061,-179.945,-0.097,0.0
prepared_mm,156,mm,62.8028947141239,56.01411417294072,200.061,-179.945,-0.097,0.0
prepared_mm,157,mm,63.07035041059859,55.05074444515144,200.061,-179.945,-0.097,0.0
prepared_mm,158,mm,63.34160631610173,54.088426736977134,200.061,-179.945,-0.097,0.0
prepared_mm,159,mm,63.61756254000203,53.12743957681148,200.061,-179.945,-0.097,0.0
prepared_mm,160,mm,63.89864474558833,52.16793032866761,200.061,-179.945,-0.097,0.0
prepared_mm,161,mm,64.18493230012754,51.20994853467829,200.061,-179.945,-0.097,0.0
prepared_mm,162,mm,64.47628789515055,50.25348019430863,200.061,-179.945,-0.097,0.0
prepared_mm,163,mm,64.7724563721137,49.298474143798245,200.061,-179.945,-0.097,0.0
prepared_mm,164,mm,65.0731262900185,48.34485866419291,200.061,-179.945,-0.097,0.0
prepared_mm,165,mm,65.3779622332582,47.3925503710725,200.061,-179.945,-0.097,0.0
prepared_mm,166,mm,65.68661929256142,46.441458397146846,200.061,-179.945,-0.097,0.0
prepared_mm,167,mm,65.99874868920855,45.49148624469143,200.061,-179.945,-0.097,0.0
prepared_mm,168,mm,66.31399980377762,44.54253270781995,200.061,-179.945,-0.097,0.0
prepared_mm,169,mm,66.63202116079866,43.59449255191331,200.061,-179.945,-0.097,0.0
prepared_mm,170,mm,66.95246157214432,42.64725729160763,200.061,-179.945,-0.097,0.0
prepared_mm,171,mm,67.27497221847008,41.70071631276756,200.061,-179.945,-0.097,0.0
prepared_mm,172,mm,67.59921037525035,40.754758574493344,200.061,-179.945,-0.097,0.0
prepared_mm,173,mm,67.92484527809448,39.809275055746795,200.061,-179.945,-0.097,0.0
prepared_mm,174,mm,68.25156595266385,38.86416187667422,200.061,-179.945,-0.097,0.0
prepared_mm,175,mm,68.57908968866141,37.91932362434543,200.061,-179.945,-0.097,0.0
prepared_mm,176,mm,68.9071686160759,36.974675987641085,200.061,-179.945,-0.097,0.0
prepared_mm,177,mm,69.23559129003657,36.03014661673439,200.061,-179.945,-0.097,0.0
prepared_mm,178,mm,69.56417699511164,35.08567340852227,200.061,-179.945,-0.097,0.0
prepared_mm,179,mm,69.89197382247292,34.1409252482026,200.061,-179.945,-0.097,0.0
prepared_mm,180,mm,70.59820067992342,33.920669998603366,200.061,-179.945,-0.097,0.0
prepared_mm,181,mm,71.55779059688058,34.20207103249092,200.061,-179.945,-0.097,0.0
prepared_mm,182,mm,72.51740637099442,34.483383767425664,200.061,-179.945,-0.097,0.0
prepared_mm,183,mm,73.4770700239415,34.76453297829032,200.061,-179.945,-0.097,0.0
prepared_mm,184,mm,74.43679689916154,35.04546621028939,200.061,-179.945,-0.097,0.0
prepared_mm,185,mm,75.39659439344264,35.32615811800979,200.061,-179.945,-0.097,0.0
prepared_mm,186,mm,76.35646225120865,35.60660948368017,200.061,-179.945,-0.097,0.0
prepared_mm,187,mm,77.31639393461458,35.88684256750483,200.061,-179.945,-0.097,0.0
prepared_mm,188,mm,78.27637840924878,36.16689503347774,200.061,-179.945,-0.097,0.0
prepared_mm,189,mm,79.23640180197725,36.44681429887705,200.061,-179.945,-0.097,0.0
prepared_mm,190,mm,80.1964486468213,36.72665327523066,200.061,-179.945,-0.097,0.0
prepared_mm,191,mm,81.1565026767623,37.006467646388245,200.061,-179.945,-0.097,0.0
prepared_mm,192,mm,82.11654725830616,37.286314356860984,200.061,-179.945,-0.097,0.0
prepared_mm,193,mm,83.07656560057539,37.566250864302305,200.061,-179.945,-0.097,0.0
prepared_mm,194,mm,84.03654084543511,37.84633479530384,200.061,-179.945,-0.097,0.0
prepared_mm,195,mm,84.99645610424773,38.12662378228761,200.061,-179.945,-0.097,0.0
prepared_mm,196,mm,85.95629447443235,38.40717536916693,200.061,-179.945,-0.097,0.0
prepared_mm,197,mm,86.91603905005401,38.688046937697365,200.061,-179.945,-0.097,0.0
prepared_mm,198,mm,87.87567293139347,38.96929563790572,200.061,-179.945,-0.097,0.0
prepared_mm,199,mm,88.83517923456506,39.25097831921492,200.061,-179.945,-0.097,0.0
prepared_mm,200,mm,89.79454110153435,39.53315146137848,200.061,-179.945,-0.097,0.0
prepared_mm,201,mm,90.75374171266733,39.81587109849576,200.061,-179.945,-0.097,0.0
prepared_mm,202,mm,91.71276430938937,40.0991927116017,200.061,-179.945,-0.097,0.0
prepared_mm,203,mm,92.67159224890443,40.38317101866712,200.061,-179.945,-0.097,0.0
prepared_mm,204,mm,93.6302091467689,40.66785948098956,200.061,-179.945,-0.097,0.0
prepared_mm,205,mm,94.58859922765136,40.95330913527074,200.061,-179.945,-0.097,0.0
prepared_mm,206,mm,95.54674809790541,41.23956605744702,200.061,-179.945,-0.097,0.0
prepared_mm,207,mm,96.50464423962981,41.52666648461499,200.061,-179.945,-0.097,0.0
prepared_mm,208,mm,97.46228152123771,41.814628636256444,200.061,-179.945,-0.097,0.0
prepared_mm,209,mm,98.41966281547616,42.103440938395906,200.061,-179.945,-0.097,0.0
prepared_mm,210,mm,99.37680435651697,42.39304784544065,200.061,-179.945,-0.097,0.0
prepared_mm,211,mm,100.33373985599394,42.6833364404017,200.061,-179.945,-0.097,0.0
prepared_mm,212,mm,101.2905229347642,42.97412849741511,200.061,-179.945,-0.097,0.0
prepared_mm,213,mm,102.24722648961836,43.265182487194,200.061,-179.945,-0.097,0.0
prepared_mm,214,mm,103.20393839001325,43.55620748640247,200.061,-179.945,-0.097,0.0
prepared_mm,215,mm,104.1607541645022,43.84688684582433,200.061,-179.945,-0.097,0.0
prepared_mm,216,mm,105.11776849322627,44.1369057173939,200.061,-179.945,-0.097,0.0
prepared_mm,217,mm,106.07506774496673,44.425975170786145,200.061,-179.945,-0.097,0.0
prepared_mm,218,mm,107.03272523365173,44.71384745942725,200.061,-179.945,-0.097,0.0
prepared_mm,219,mm,107.99079958250002,45.00032116650633,200.061,-179.945,-0.097,0.0
prepared_mm,220,mm,108.9493351135714,45.28523971994462,200.061,-179.945,-0.097,0.0
prepared_mm,221,mm,109.90836197755837,45.568490654708604,200.061,-179.945,-0.097,0.0
prepared_mm,222,mm,110.86789306937578,45.85001518956861,200.061,-179.945,-0.097,0.0
prepared_mm,223,mm,111.82791503188948,46.12983695659599,200.061,-179.945,-0.097,0.0
prepared_mm,224,mm,112.78837267747289,46.408112369624924,200.061,-179.945,-0.097,0.0
prepared_mm,225,mm,113.74915083722502,46.685190186536516,200.061,-179.945,-0.097,0.0
prepared_mm,226,mm,114.71006438981962,46.96164592076093,200.061,-179.945,-0.097,0.0
prepared_mm,227,mm,115.67087234461431,47.23823943902277,200.061,-179.945,-0.097,0.0
prepared_mm,228,mm,116.63132916166596,47.51575140173822,200.061,-179.945,-0.097,0.0
prepared_mm,229,mm,117.59127162047632,47.79470112804967,200.061,-179.945,-0.097,0.0
prepared_mm,230,mm,118.55071600072682,48.075025201541045,200.061,-179.945,-0.097,0.0
prepared_mm,231,mm,119.50992131833215,48.355860981572164,200.061,-179.945,-0.097,0.0
prepared_mm,232,mm,120.46937575232893,48.63557972868456,200.061,-179.945,-0.097,0.0
prepared_mm,233,mm,121.429690922752,48.9121283218884,200.061,-179.945,-0.097,0.0
prepared_mm,234,mm,122.3914300150856,49.18360247205091,200.061,-179.945,-0.097,0.0
prepared_mm,235,mm,123.35492666842228,49.448865203723216,200.061,-179.945,-0.097,0.0
prepared_mm,236,mm,124.32015310616882,49.7080071517734,200.061,-179.945,-0.097,0.0
prepared_mm,237,mm,125.28666870892106,49.96252511659924,200.061,-179.945,-0.097,0.0
prepared_mm,238,mm,126.25364318689566,50.21521669472341,200.061,-179.945,-0.097,0.0
prepared_mm,239,mm,127.21992479344789,50.469878807211636,200.061,-179.945,-0.097,0.0
prepared_mm,240,mm,128.18412527087486,50.730916015740185,200.061,-179.945,-0.097,0.0
prepared_mm,241,mm,129.14471436806622,51.00292068479153,200.061,-179.945,-0.097,0.0
prepared_mm,242,mm,130.10014154313558,51.290224978927675,200.061,-179.945,-0.097,0.0
prepared_mm,243,mm,131.04901282136643,51.5963913415187,200.061,-179.945,-0.097,0.0
prepared_mm,244,mm,131.99033501936515,51.92363066292419,200.061,-179.945,-0.097,0.0
prepared_mm,245,mm,132.92379853131558,52.272211870711274,200.061,-179.945,-0.097,0.0
prepared_mm,246,mm,133.8500207061968,52.640016222464325,200.061,-179.945,-0.097,0.0
prepared_mm,247,mm,134.77064426225732,53.02243550675591,200.061,-179.945,-0.097,0.0
prepared_mm,248,mm,135.68820645654964,53.412764975345645,200.061,-179.945,-0.097,0.0
prepared_mm,249,mm,135.8585435923436,53.51018462443899,200.061,-179.945,-0.097,0.0
rtcp_input_before_mm,0,mm,135.8585435923436,53.51018462443899,200.061,-179.945,-0.097,0.0
rtcp_input_before_mm,1,mm,135.5443555959034,54.45954525879766,200.061,-179.945,-0.097,0.0
rtcp_input_before_mm,2,mm,135.231914229676,55.40948207997875,200.061,-179.945,-0.097,0.0
rtcp_input_before_mm,3,mm,134.92112817802828,56.35996176156633,200.061,-179.945,-0.097,0.0
rtcp_input_before_mm,4,mm,134.61190870492368,57.310952322403104,200.061,-179.945,-0.097,0.0
rtcp_input_before_mm,5,mm,134.3042322294548,58.26244325819863,200.061,-179.945,-0.097,0.0
rtcp_input_before_mm,6,mm,133.99797997584687,59.21439353049325,200.061,-179.945,-0.097,0.0
rtcp_input_before_mm,7,mm,133.69303159327146,60.166762276979,200.061,-179.945,-0.097,0.0
rtcp_input_before_mm,8,mm,133.38931022084785,61.11952307458193,200.061,-179.945,-0.097,0.0
rtcp_input_before_mm,9,mm,133.08674955508442,62.07265314652529,200.061,-179.945,-0.097,0.0
rtcp_input_before_mm,10,mm,132.7853087885803,63.02613799342913,200.061,-179.945,-0.097,0.0
rtcp_input_before_mm,11,mm,132.48484972632474,63.979932633133316,200.061,-179.945,-0.097,0.0
rtcp_input_before_mm,12,mm,132.1853008686494,64.934013534942,200.061,-179.945,-0.097,0.0
rtcp_input_before_mm,13,mm,131.88659215233386,65.88835783218676,200.061,-179.945,-0.097,0.0
rtcp_input_before_mm,14,mm,131.5886978413898,66.84295666522938,200.061,-179.945,-0.097,0.0
rtcp_input_before_mm,15,mm,131.29150484252887,67.79777406127552,200.061,-179.945,-0.097,0.0
rtcp_input_before_mm,16,mm,130.99493843207395,68.75278626486379,200.061,-179.945,-0.097,0.0
rtcp_input_before_mm,17,mm,130.6989337078571,69.70797272233297,200.061,-179.945,-0.097,0.0
rtcp_input_before_mm,18,mm,130.40344116986256,70.66331775990538,200.061,-179.945,-0.097,0.0
rtcp_input_before_mm,19,mm,130.10839243624687,71.61879995533675,200.061,-179.945,-0.097,0.0
rtcp_input_before_mm,20,mm,129.81370567698966,72.5743938527042,200.061,-179.945,-0.097,0.0
rtcp_input_before_mm,21,mm,129.5193196323727,73.53008043652709,200.061,-179.945,-0.097,0.0
rtcp_input_before_mm,22,mm,129.22517465960206,74.48584124922894,200.061,-179.945,-0.097,0.0
rtcp_input_before_mm,23,mm,128.931216107258,75.44165941583773,200.061,-179.945,-0.097,0.0
rtcp_input_before_mm,24,mm,128.63736789560846,76.39751151080803,200.061,-179.945,-0.097,0.0
rtcp_input_before_mm,25,mm,128.34357105268998,77.35337939655487,200.061,-179.945,-0.097,0.0
rtcp_input_before_mm,26,mm,128.04976695523368,78.3092450524572,200.061,-179.945,-0.097,0.0
rtcp_input_before_mm,27,mm,127.75589034611303,79.26508841707468,200.061,-179.945,-0.097,0.0
rtcp_input_before_mm,28,mm,127.46187844420317,80.22089017378782,200.061,-179.945,-0.097,0.0
rtcp_input_before_mm,29,mm,127.1676748600773,81.1766329443165,200.061,-179.945,-0.097,0.0
rtcp_input_before_mm,30,mm,126.87322172868413,82.13229886021334,200.061,-179.945,-0.097,0.0
rtcp_input_before_mm,31,mm,126.57845276314879,83.08786740647066,200.061,-179.945,-0.097,0.0
rtcp_input_before_mm,32,mm,126.28329266668796,84.0433152069739,200.061,-179.945,-0.097,0.0
rtcp_input_before_mm,33,mm,125.98769752314627,84.99862849498125,200.061,-179.945,-0.097,0.0
rtcp_input_before_mm,34,mm,125.691609946222,85.9537892699674,200.061,-179.945,-0.097,0.0
rtcp_input_before_mm,35,mm,125.3949716360646,86.90877915516977,200.061,-179.945,-0.097,0.0
rtcp_input_before_mm,36,mm,125.09767725825752,87.86356500308291,200.061,-179.945,-0.097,0.0
rtcp_input_before_mm,37,mm,124.7997000778985,88.81813795922282,200.061,-179.945,-0.097,0.0
rtcp_input_before_mm,38,mm,124.5009838325398,89.77247988538522,200.061,-179.945,-0.097,0.0
rtcp_input_before_mm,39,mm,124.20146812289694,90.72657120980007,200.061,-179.945,-0.097,0.0
rtcp_input_before_mm,40,mm,123.90105501005719,91.68038035676688,200.061,-179.945,-0.097,0.0
rtcp_input_before_mm,41,mm,123.59967940584936,92.63388579944191,200.061,-179.945,-0.097,0.0
rtcp_input_before_mm,42,mm,123.29730814650993,93.58707594612532,200.061,-179.945,-0.097,0.0
rtcp_input_before_mm,43,mm,122.99387771493512,94.53992945233472,200.061,-179.945,-0.097,0.0
rtcp_input_before_mm,44,mm,122.68931035051261,95.49242018712519,200.061,-179.945,-0.097,0.0
rtcp_input_before_mm,45,mm,122.38347228372851,96.44450365173877,200.061,-179.945,-0.097,0.0
rtcp_input_before_mm,46,mm,122.07636690567573,97.39617903314827,200.061,-179.945,-0.097,0.0
rtcp_input_before_mm,47,mm,121.76792622562674,98.34742246043093,200.061,-179.945,-0.097,0.0
rtcp_input_before_mm,48,mm,121.45808100669728,99.29820935394596,200.061,-179.945,-0.097,0.0
rtcp_input_before_mm,49,mm,121.14667225519734,100.24848530318657,200.061,-179.945,-0.097,0.0
rtcp_input_before_mm,50,mm,120.83367806811036,101.19824016006785,200.061,-179.945,-0.097,0.0
rtcp_input_before_mm,51,mm,120.51905002170075,102.14745496595893,200.061,-179.945,-0.097,0.0
rtcp_input_before_mm,52,mm,120.20271251374756,103.0961014634915,200.061,-179.945,-0.097,0.0
rtcp_input_before_mm,53,mm,119.88453536438638,104.04413257834099,200.061,-179.945,-0.097,0.0
rtcp_input_before_mm,54,mm,119.56439666207031,104.99150303276114,200.061,-179.945,-0.097,0.0
rtcp_input_before_mm,55,mm,119.24229632092519,105.9382082342867,200.061,-179.945,-0.097,0.0
rtcp_input_before_mm,56,mm,118.91607701024252,106.88349990677,200.061,-179.945,-0.097,0.0
rtcp_input_before_mm,57,mm,118.05585144278743,106.77245385052719,200.061,-179.945,-0.097,0.0
rtcp_input_before_mm,58,mm,117.10110263216482,106.47504060913377,200.061,-179.945,-0.097,0.0
rtcp_input_before_mm,59,mm,116.14614267146477,106.17830600209939,200.061,-179.945,-0.097,0.0
rtcp_input_before_mm,60,mm,115.1909689479061,105.88226019236517,200.061,-179.945,-0.097,0.0
rtcp_input_before_mm,61,mm,114.23559925078352,105.58684744642996,200.061,-179.945,-0.097,0.0
rtcp_input_before_mm,62,mm,113.28004519382463,105.29203158738522,200.061,-179.945,-0.097,0.0
rtcp_input_before_mm,63,mm,112.3243151408169,104.99778674725395,200.061,-179.945,-0.097,0.0
rtcp_input_before_mm,64,mm,111.3684127724327,104.70410215998423,200.061,-179.945,-0.097,0.0
rtcp_input_before_mm,65,mm,110.41234505571451,104.41095630644088,200.061,-179.945,-0.097,0.0
rtcp_input_before_mm,66,mm,109.4561277237366,104.11829886343426,200.061,-179.945,-0.097,0.0
rtcp_input_before_mm,67,mm,108.49976901351734,103.82610374319218,200.061,-179.945,-0.097,0.0
rtcp_input_before_mm,68,mm,107.54327706096454,103.5343450605964,200.061,-179.945,-0.097,0.0
rtcp_input_before_mm,69,mm,106.58665192327096,103.24302336184645,200.061,-179.945,-0.097,0.0
rtcp_input_before_mm,70,mm,105.62991155006738,102.9520803456432,200.061,-179.945,-0.097,0.0
rtcp_input_before_mm,71,mm,104.67306413418406,102.66148955938988,200.061,-179.945,-0.097,0.0
rtcp_input_before_mm,72,mm,103.71611785364765,102.371224499428,200.061,-179.945,-0.097,0.0
rtcp_input_before_mm,73,mm,102.75907711002685,102.08127104133536,200.061,-179.945,-0.097,0.0
rtcp_input_before_mm,74,mm,101.8019527503816,101.79159371799622,200.061,-179.945,-0.097,0.0
rtcp_input_before_mm,75,mm,100.84475539016009,101.50215770531376,200.061,-179.945,-0.097,0.0
rtcp_input_before_mm,76,mm,99.88749315708556,101.21293631656181,200.061,-179.945,-0.097,0.0
rtcp_input_before_mm,77,mm,98.93017331125895,100.9239056778794,200.061,-179.945,-0.097,0.0
rtcp_input_before_mm,78,mm,97.97280304173412,100.63504210314431,200.061,-179.945,-0.097,0.0
rtcp_input_before_mm,79,mm,97.01539364022162,100.34630825371512,200.061,-179.945,-0.097,0.0
rtcp_input_before_mm,80,mm,96.05795320700655,100.0576773203903,200.061,-179.945,-0.097,0.0
rtcp_input_before_mm,81,mm,95.10048983936382,99.76912247423242,200.061,-179.945,-0.097,0.0
rtcp_input_before_mm,82,mm,94.14301132575677,99.48061788866968,200.061,-179.945,-0.097,0.0
rtcp_input_before_mm,83,mm,93.185527322623,99.19213152203568,200.061,-179.945,-0.097,0.0
rtcp_input_before_mm,84,mm,92.22804607515216,98.90363600967133,200.061,-179.945,-0.097,0.0
rtcp_input_before_mm,85,mm,91.27057568232927,98.61510447492891,200.061,-179.945,-0.097,0.0
rtcp_input_before_mm,86,mm,90.31312524362845,98.32650673259975,200.061,-179.945,-0.097,0.0
rtcp_input_before_mm,87,mm,89.35570401074658,98.03781211634751,200.061,-179.945,-0.097,0.0
rtcp_input_before_mm,88,mm,88.39831936594705,97.74899619037788,200.061,-179.945,-0.097,0.0
rtcp_input_before_mm,89,mm,87.44097943385518,97.460032091143,200.061,-179.945,-0.097,0.0
rtcp_input_before_mm,90,mm,86.48369275791703,97.17089161161348,200.061,-179.945,-0.097,0.0
rtcp_input_before_mm,91,mm,85.52647200034619,96.88153298173775,200.061,-179.945,-0.097,0.0
rtcp_input_before_mm,92,mm,84.56932180744523,96.59194102863633,200.061,-179.945,-0.097,0.0
rtcp_input_before_mm,93,mm,83.6122503532201,96.30208896291578,200.061,-179.945,-0.097,0.0
rtcp_input_before_mm,94,mm,82.65526582646407,96.01195002114235,200.061,-179.945,-0.097,0.0
rtcp_input_before_mm,95,mm,81.69838190127318,95.72147946509008,200.061,-179.945,-0.097,0.0
rtcp_input_before_mm,96,mm,80.7416048398827,95.4306571175845,200.061,-179.945,-0.097,0.0
rtcp_input_before_mm,97,mm,79.78494080811994,95.13946318375298,200.061,-179.945,-0.097,0.0
rtcp_input_before_mm,98,mm,78.82839807254732,94.84787105004808,200.061,-179.945,-0.097,0.0
rtcp_input_before_mm,99,mm,77.8719882064048,94.55584339622604,200.061,-179.945,-0.097,0.0
rtcp_input_before_mm,100,mm,76.91572417453419,94.26333856403917,200.061,-179.945,-0.097,0.0
rtcp_input_before_mm,101,mm,75.9596078217425,93.97035139315264,200.061,-179.945,-0.097,0.0
rtcp_input_before_mm,102,mm,75.00364751417942,93.67685548180415,200.061,-179.945,-0.097,0.0
rtcp_input_before_mm,103,mm,74.04785164403351,93.38282448619096,200.061,-179.945,-0.097,0.0
rtcp_input_before_mm,104,mm,73.09224129557475,93.08819110026641,200.061,-179.945,-0.097,0.0
rtcp_input_before_mm,105,mm,72.13681455597136,92.79296289542125,200.061,-179.945,-0.097,0.0
rtcp_input_before_mm,106,mm,71.18157907768112,92.49711645075655,200.061,-179.945,-0.097,0.0
rtcp_input_before_mm,107,mm,70.22654337723283,92.20062571121757,200.061,-179.945,-0.097,0.0
rtcp_input_before_mm,108,mm,69.27172487779222,91.90343622507628,200.061,-179.945,-0.097,0.0
rtcp_input_before_mm,109,mm,68.31713170362762,91.60552380865505,200.061,-179.945,-0.097,0.0
rtcp_input_before_mm,110,mm,67.36276555328872,91.30688495431771,200.061,-179.945,-0.097,0.0
rtcp_input_before_mm,111,mm,66.40863508549923,91.00749395874423,200.061,-179.945,-0.097,0.0
rtcp_input_before_mm,112,mm,65.45475209330951,90.70731537692451,200.061,-179.945,-0.097,0.0
rtcp_input_before_mm,113,mm,64.50113876301633,90.40628124610691,200.061,-179.945,-0.097,0.0
rtcp_input_before_mm,114,mm,63.547788835884035,90.10441404260948,200.061,-179.945,-0.097,0.0
rtcp_input_before_mm,115,mm,62.594711128272436,89.80168847831125,200.061,-179.945,-0.097,0.0
rtcp_input_before_mm,116,mm,61.64191449499568,89.49807937044244,200.061,-179.945,-0.097,0.0
rtcp_input_before_mm,117,mm,60.68942516860072,89.1935075300703,200.061,-179.945,-0.097,0.0
rtcp_input_before_mm,118,mm,59.73724101535793,88.88798304027631,200.061,-179.945,-0.097,0.0
rtcp_input_before_mm,119,mm,58.78536630789707,88.58149586129554,200.061,-179.945,-0.097,0.0
rtcp_input_before_mm,120,mm,57.833810073823415,88.27402130435584,200.061,-179.945,-0.097,0.0
rtcp_input_before_mm,121,mm,56.88259125241547,87.96550443591163,200.061,-179.945,-0.097,0.0
rtcp_input_before_mm,122,mm,55.93172529145841,87.65590179740941,200.061,-179.945,-0.097,0.0
rtcp_input_before_mm,123,mm,54.981219909843055,87.34519408615108,200.061,-179.945,-0.097,0.0
rtcp_input_before_mm,124,mm,54.28088844934927,86.83178270103089,200.061,-179.945,-0.097,0.0
rtcp_input_before_mm,125,mm,54.45200207628782,85.84654122090907,200.061,-179.945,-0.097,0.0
rtcp_input_before_mm,126,mm,54.63642975607287,84.86370178304426,200.061,-179.945,-0.097,0.0
rtcp_input_before_mm,127,mm,54.83324733238535,83.88327002242409,200.061,-179.945,-0.097,0.0
rtcp_input_before_mm,128,mm,55.04134845458603,82.90517186952363,200.061,-179.945,-0.097,0.0
rtcp_input_before_mm,129,mm,55.26005043104128,81.92938730784381,200.061,-179.945,-0.097,0.0
rtcp_input_before_mm,130,mm,55.48880766156227,80.95590787397147,200.061,-179.945,-0.097,0.0
rtcp_input_before_mm,131,mm,55.72737187858809,79.98478518902554,200.061,-179.945,-0.097,0.0
rtcp_input_before_mm,132,mm,55.97446466825166,79.01579849205919,200.061,-179.945,-0.097,0.0
rtcp_input_before_mm,133,mm,56.22945522504813,78.04885933261103,200.061,-179.945,-0.097,0.0
rtcp_input_before_mm,134,mm,56.49173676749941,77.08387050815479,200.061,-179.945,-0.097,0.0
rtcp_input_before_mm,135,mm,56.76106787200994,76.12082470185774,200.061,-179.945,-0.097,0.0
rtcp_input_before_mm,136,mm,57.0365176601293,75.15951159798804,200.061,-179.945,-0.097,0.0
rtcp_input_before_mm,137,mm,57.31742028066924,74.19977748868469,200.061,-179.945,-0.097,0.0
rtcp_input_before_mm,138,mm,57.60322106813651,73.24148983658269,200.061,-179.945,-0.097,0.0
rtcp_input_before_mm,139,mm,57.89348892367347,72.28454516690523,200.061,-179.945,-0.097,0.0
rtcp_input_before_mm,140,mm,58.18767330554841,71.32879723406893,200.061,-179.945,-0.097,0.0
rtcp_input_before_mm,141,mm,58.48505995173505,70.3740408123538,200.061,-179.945,-0.097,0.0
rtcp_input_before_mm,142,mm,58.78513120706548,69.42012446327895,200.061,-179.945,-0.097,0.0
rtcp_input_before_mm,143,mm,59.087378654187816,68.46689513471217,200.061,-179.945,-0.097,0.0
rtcp_input_before_mm,144,mm,59.391364577297644,67.51421869618375,200.061,-179.945,-0.097,0.0
rtcp_input_before_mm,145,mm,59.69642842637575,66.56188685304838,200.061,-179.945,-0.097,0.0
rtcp_input_before_mm,146,mm,60.00207155077105,65.60974071778689,200.061,-179.945,-0.097,0.0
rtcp_input_before_mm,147,mm,60.30779700616867,64.65762100856153,200.061,-179.945,-0.097,0.0
rtcp_input_before_mm,148,mm,60.61306078169192,63.70535319921768,200.061,-179.945,-0.097,0.0
rtcp_input_before_mm,149,mm,60.917316585704086,62.75276293593591,200.061,-179.945,-0.097,0.0
rtcp_input_before_mm,150,mm,61.220077187719546,61.79969654991402,200.061,-179.945,-0.097,0.0
rtcp_input_before_mm,151,mm,61.52084140348957,60.845998390437984,200.061,-179.945,-0.097,0.0
rtcp_input_before_mm,152,mm,61.79614376094623,59.884920969177095,200.061,-179.945,-0.097,0.0
rtcp_input_before_mm,153,mm,62.031172868674844,58.91294215013067,200.061,-179.945,-0.097,0.0
rtcp_input_before_mm,154,mm,62.27306803790073,57.94264415279103,200.061,-179.945,-0.097,0.0
rtcp_input_before_mm,155,mm,62.52239262404251,56.97422814561048,200.061,-179.945,-0.097,0.0
rtcp_input_before_mm,156,mm,62.77884038509404,56.00767247444507,200.061,-179.945,-0.097,0.0
rtcp_input_before_mm,157,mm,63.0425137752759,55.04306244326781,200.061,-179.945,-0.097,0.0
rtcp_input_before_mm,158,mm,63.31269785540214,54.08025662311058,200.061,-179.945,-0.097,0.0
rtcp_input_before_mm,159,mm,63.58900994903171,53.11919152297584,200.061,-179.945,-0.097,0.0
rtcp_input_before_mm,160,mm,63.871130586977635,52.159814618246266,200.061,-179.945,-0.097,0.0
rtcp_input_before_mm,161,mm,64.15892073406613,51.202122438259956,200.061,-179.945,-0.097,0.0
rtcp_input_before_mm,162,mm,64.45202679985654,50.246044080204996,200.061,-179.945,-0.097,0.0
rtcp_input_before_mm,163,mm,64.74991385131999,49.29144470774094,200.061,-179.945,-0.097,0.0
rtcp_input_before_mm,164,mm,65.05225456648503,48.33824615371954,200.061,-179.945,-0.097,0.0
rtcp_input_before_mm,165,mm,65.3587478498006,47.386374071186204,200.061,-179.945,-0.097,0.0
rtcp_input_before_mm,166,mm,65.66925492040305,46.43580365832035,200.061,-179.945,-0.097,0.0
rtcp_input_before_mm,167,mm,65.98316849679435,45.4863529378083,200.061,-179.945,-0.097,0.0
rtcp_input_before_mm,168,mm,66.30015622939545,44.53792398897371,200.061,-179.945,-0.097,0.0
rtcp_input_before_mm,169,mm,66.61988477325652,43.5904151885554,200.061,-179.945,-0.097,0.0
rtcp_input_before_mm,170,mm,66.94212533918962,42.6437576076955,200.061,-179.945,-0.097,0.0
rtcp_input_before_mm,171,mm,67.26642927231006,41.697804922686146,200.061,-179.945,-0.097,0.0
rtcp_input_before_mm,172,mm,67.59240941669658,40.75242850027104,200.061,-179.945,-0.097,0.0
rtcp_input_before_mm,173,mm,67.91972807564545,39.80751458027068,200.061,-179.945,-0.097,0.0
rtcp_input_before_mm,174,mm,68.2480613000905,38.86295265364792,200.061,-179.945,-0.097,0.0
rtcp_input_before_mm,175,mm,68.577045143381,37.91861711618035,200.061,-179.945,-0.097,0.0
rtcp_input_before_mm,176,mm,68.90628794717674,36.974371822956805,200.061,-179.945,-0.097,0.0
rtcp_input_before_mm,177,mm,69.23544671090612,36.03009723560805,200.061,-179.945,-0.097,0.0
rtcp_input_before_mm,178,mm,69.56417699511164,35.08567340852227,200.061,-179.945,-0.097,0.0
rtcp_input_before_mm,179,mm,69.89197382247292,34.1409252482026,200.061,-179.945,-0.097,0.0
rtcp_input_before_mm,180,mm,70.59820067992342,33.920669998603366,200.061,-179.945,-0.097,0.0
rtcp_input_before_mm,181,mm,71.55751596420446,34.20300695787057,200.061,-179.945,-0.097,0.0
rtcp_input_before_mm,182,mm,72.5169878851436,34.484811145562205,200.061,-179.945,-0.097,0.0
rtcp_input_before_mm,183,mm,73.47659733712115,34.7661466553918,200.061,-179.945,-0.097,0.0
rtcp_input_before_mm,184,mm,74.43632894375362,35.04706519049266,200.061,-179.945,-0.097,0.0
rtcp_input_before_mm,185,mm,75.39616927748887,35.32761202026505,200.061,-179.945,-0.097,0.0
rtcp_input_before_mm,186,mm,76.3561035084894,35.60783740018532,200.061,-179.945,-0.097,0.0
rtcp_input_before_mm,187,mm,77.31611058047682,35.88781313852433,200.061,-179.945,-0.097,0.0
rtcp_input_before_mm,188,mm,78.27617468500382,36.167593250621714,200.061,-179.945,-0.097,0.0
rtcp_input_before_mm,189,mm,79.23628001591568,36.44723186087874,200.061,-179.945,-0.097,0.0
rtcp_input_before_mm,190,mm,80.19641110700594,36.726782013250485,200.061,-179.945,-0.097,0.0
rtcp_input_before_mm,191,mm,81.15654905503004,37.00630861438886,200.061,-179.945,-0.097,0.0
rtcp_input_before_mm,192,mm,82.11667778373892,37.28586687974547,200.061,-179.945,-0.097,0.0
rtcp_input_before_mm,193,mm,83.07678131885552,37.565511654778106,200.061,-179.945,-0.097,0.0
rtcp_input_before_mm,194,mm,84.03684126146186,37.84530605054009,200.061,-179.945,-0.097,0.0
rtcp_input_before_mm,195,mm,84.99683981497955,38.12531099810198,200.061,-179.945,-0.097,0.0
rtcp_input_before_mm,196,mm,85.95676235084318,38.4055764300096,200.061,-179.945,-0.097,0.0
rtcp_input_before_mm,197,mm,86.91659283742874,38.68615693623266,200.061,-179.945,-0.097,0.0
rtcp_input_before_mm,198,mm,87.87631379958083,38.96711184499206,200.061,-179.945,-0.097,0.0
rtcp_input_before_mm,199,mm,88.8359012181541,39.24852251492799,200.061,-179.945,-0.097,0.0
rtcp_input_before_mm,200,mm,89.79534578428483,39.53041981101252,200.061,-179.945,-0.097,0.0
rtcp_input_before_mm,201,mm,90.754631538835,39.81285704722825,200.061,-179.945,-0.097,0.0
rtcp_input_before_mm,202,mm,91.71374255893647,40.09588709955479,200.061,-179.945,-0.097,0.0
rtcp_input_before_mm,203,mm,92.67265101421229,40.37960268500541,200.061,-179.945,-0.097,0.0
rtcp_input_before_mm,204,mm,93.63134705884016,40.66403514065259,200.061,-179.945,-0.097,0.0
rtcp_input_before_mm,205,mm,94.58981818396532,40.949224563189176,200.061,-179.945,-0.097,0.0
rtcp_input_before_mm,206,mm,95.54804871222258,41.235221355082686,200.061,-179.945,-0.097,0.0
rtcp_input_before_mm,207,mm,96.50601523209902,41.52210125434641,200.061,-179.945,-0.097,0.0
rtcp_input_before_mm,208,mm,97.4636957648674,41.80993435825991,200.061,-179.945,-0.097,0.0
rtcp_input_before_mm,209,mm,98.42108653095515,42.09872973796409,200.061,-179.945,-0.097,0.0
rtcp_input_before_mm,210,mm,99.37817225228784,42.38853444216932,200.061,-179.945,-0.097,0.0
rtcp_input_before_mm,211,mm,100.33493774125472,42.67939471151021,200.061,-179.945,-0.097,0.0
rtcp_input_before_mm,212,mm,101.29134186437436,42.97144100926266,200.061,-179.945,-0.097,0.0
rtcp_input_before_mm,213,mm,102.24739329186039,43.26463969286722,200.061,-179.945,-0.097,0.0
rtcp_input_before_mm,214,mm,103.20327128272152,43.55840354806185,200.061,-179.945,-0.097,0.0
rtcp_input_before_mm,215,mm,104.15944477384998,43.85120395437946,200.061,-179.945,-0.097,0.0
rtcp_input_before_mm,216,mm,105.11602549584407,44.142671217789,200.061,-179.945,-0.097,0.0
rtcp_input_before_mm,217,mm,106.07303232401189,44.43273617104861,200.061,-179.945,-0.097,0.0
rtcp_input_before_mm,218,mm,107.0304766928841,44.721353450919196,200.061,-179.945,-0.097,0.0
rtcp_input_before_mm,219,mm,107.98838080821014,45.00844118691217,200.061,-179.945,-0.097,0.0
rtcp_input_before_mm,220,mm,108.94677531150955,45.29388773382923,200.061,-179.945,-0.097,0.0
rtcp_input_before_mm,221,mm,109.90570444557802,45.57753292354906,200.061,-179.945,-0.097,0.0
rtcp_input_before_mm,222,mm,110.86516258198246,45.85938319709133,200.061,-179.945,-0.097,0.0
rtcp_input_before_mm,223,mm,111.82517131227456,46.1393522748878,200.061,-179.945,-0.097,0.0
rtcp_input_before_mm,224,mm,112.78575218362472,46.41735224797474,200.061,-179.945,-0.097,0.0
rtcp_input_before_mm,225,mm,113.74696549821287,46.69315755487064,200.061,-179.945,-0.097,0.0
rtcp_input_before_mm,226,mm,114.70880453733379,46.96677222615961,200.061,-179.945,-0.097,0.0
rtcp_input_before_mm,227,mm,115.67128416189145,47.238124667887426,200.061,-179.945,-0.097,0.0
rtcp_input_before_mm,228,mm,116.63442606471423,47.50711714970398,200.061,-179.945,-0.097,0.0
rtcp_input_before_mm,229,mm,117.59827621745377,47.77356099025221,200.061,-179.945,-0.097,0.0
rtcp_input_before_mm,230,mm,118.56286396459811,48.037321587704945,200.061,-179.945,-0.097,0.0
rtcp_input_before_mm,231,mm,119.52030128832786,48.322895205505084,200.061,-179.945,-0.097,0.0
rtcp_input_before_mm,232,mm,120.46099998539482,48.66188001344788,200.061,-179.945,-0.097,0.0
rtcp_input_before_mm,233,mm,121.41273823964316,48.968665179139784,200.061,-179.945,-0.097,0.0
rtcp_input_before_mm,234,mm,122.37305711195467,49.24747932092247,200.061,-179.945,-0.097,0.0
rtcp_input_before_mm,235,mm,123.33907281573939,49.505871423302935,200.061,-179.945,-0.097,0.0
rtcp_input_before_mm,236,mm,124.30903276394037,49.749088281563886,200.061,-179.945,-0.097,0.0
rtcp_input_before_mm,237,mm,125.28146048389348,49.982280511698114,200.061,-179.945,-0.097,0.0
rtcp_input_before_mm,238,mm,126.2550539358523,50.21056869276895,200.061,-179.945,-0.097,0.0
rtcp_input_before_mm,239,mm,127.22845670189031,50.43966615286501,200.061,-179.945,-0.097,0.0
rtcp_input_before_mm,240,mm,128.20043194116408,50.6747257918174,200.061,-179.945,-0.097,0.0
rtcp_input_before_mm,241,mm,129.16967700293466,50.92077285785835,200.061,-179.945,-0.097,0.0
rtcp_input_before_mm,242,mm,130.13456574452567,51.18337190205553,200.061,-179.945,-0.097,0.0
rtcp_input_before_mm,243,mm,131.09290888962656,51.46887560658427,200.061,-179.945,-0.097,0.0
rtcp_input_before_mm,244,mm,132.04266181549093,51.78165647928438,200.061,-179.945,-0.097,0.0
rtcp_input_before_mm,245,mm,132.98108471053945,52.12686919928171,200.061,-179.945,-0.097,0.0
rtcp_input_before_mm,246,mm,133.90488617001188,52.50952912292133,200.061,-179.945,-0.097,0.0
rtcp_input_before_mm,247,mm,134.80851892344285,52.93759997932406,200.061,-179.945,-0.097,0.0
rtcp_input_before_mm,248,mm,135.68820645654964,53.412764975345645,200.061,-179.945,-0.097,0.0
rtcp_input_before_mm,249,mm,135.8585435923436,53.51018462443899,200.061,-179.945,-0.097,0.0
rtcp_input_smoothed_mm,0,mm,135.8585435923436,53.51018462443899,200.061,-179.945,-0.097,0.0
rtcp_input_smoothed_mm,1,mm,135.5443555959034,54.45954525879766,200.061,-179.945,-0.097,0.0
rtcp_input_smoothed_mm,2,mm,135.23511468779324,55.41052430991316,200.061,-179.945,-0.097,0.0
rtcp_input_smoothed_mm,3,mm,134.92621871260735,56.361614794456514,200.061,-179.945,-0.097,0.0
rtcp_input_smoothed_mm,4,mm,134.61797356208456,57.312915365587756,200.061,-179.945,-0.097,0.0
rtcp_input_smoothed_mm,5,mm,134.310617304779,58.26450248843279,200.061,-179.945,-0.097,0.0
rtcp_input_smoothed_mm,6,mm,134.00430764638827,59.21642636977931,200.061,-179.945,-0.097,0.0
rtcp_input_smoothed_mm,7,mm,133.69912545393646,60.168712162457005,200.061,-179.945,-0.097,0.0
rtcp_input_smoothed_mm,8,mm,133.3950892497648,61.12136476494558,200.061,-179.945,-0.097,0.0
rtcp_input_smoothed_mm,9,mm,133.09217382233808,62.074374959938844,200.061,-179.945,-0.097,0.0
rtcp_input_smoothed_mm,10,mm,132.79032735520428,63.027725050797024,200.061,-179.945,-0.097,0.0
rtcp_input_smoothed_mm,11,mm,132.48948418697813,63.981393049054944,200.061,-179.945,-0.097,0.0
rtcp_input_smoothed_mm,12,mm,132.1895728160418,64.93535528992581,200.061,-179.945,-0.097,0.0
rtcp_input_smoothed_mm,13,mm,131.8905201816041,65.88958781899782,200.061,-179.945,-0.097,0.0
rtcp_input_smoothed_mm,14,mm,131.59225360025982,66.84406700658991,200.061,-179.945,-0.097,0.0
rtcp_input_smoothed_mm,15,mm,131.29470147289112,67.79876975806135,200.061,-179.945,-0.097,0.0
rtcp_input_smoothed_mm,16,mm,130.99779345075484,68.75367354732549,200.061,-179.945,-0.097,0.0
rtcp_input_smoothed_mm,17,mm,130.70146040486065,69.70875638695293,200.061,-179.945,-0.097,0.0
rtcp_input_smoothed_mm,18,mm,130.4056343382197,70.66399678079637,200.061,-179.945,-0.097,0.0
rtcp_input_smoothed_mm,19,mm,130.11024828603183,71.61937367389513,200.061,-179.945,-0.097,0.0
rtcp_input_smoothed_mm,20,mm,129.8152362155726,72.57486640339603,200.061,-179.945,-0.097,0.0
rtcp_input_smoothed_mm,21,mm,129.52053292872625,73.53045465130444,200.061,-179.945,-0.097,0.0
rtcp_input_smoothed_mm,22,mm,129.22607396772494,74.48611839911402,200.061,-179.945,-0.097,0.0
rtcp_input_smoothed_mm,23,mm,128.9317955239196,75.44183788413729,200.061,-179.945,-0.097,0.0
rtcp_input_smoothed_mm,24,mm,128.63763434977295,76.39759355747256,200.061,-179.945,-0.097,0.0
rtcp_input_smoothed_mm,25,mm,128.34352767436508,77.35336604357853,200.061,-179.945,-0.097,0.0
rtcp_input_smoothed_mm,26,mm,128.04941312142483,78.30913610104534,200.061,-179.945,-0.097,0.0
rtcp_input_smoothed_mm,27,mm,127.75522862760805,79.26488458376372,200.061,-179.945,-0.097,0.0
rtcp_input_smoothed_mm,28,mm,127.4609123596274,80.2205924019712,200.061,-179.945,-0.097,0.0
rtcp_input_smoothed_mm,29,mm,127.16640263158283,81.17624048349867,200.061,-179.945,-0.097,0.0
rtcp_input_smoothed_mm,30,mm,126.87163782559077,82.13180973608002,200.061,-179.945,-0.097,0.0
rtcp_input_smoothed_mm,31,mm,126.57655631778319,83.0872810112773,200.061,-179.945,-0.097,0.0
rtcp_input_smoothed_mm,32,mm,126.28109640937397,84.04263506985126,200.061,-179.945,-0.097,0.0
rtcp_input_smoothed_mm,33,mm,125.9851962610633,84.9978525479701,200.061,-179.945,-0.097,0.0
rtcp_input_smoothed_mm,34,mm,125.68879382857386,85.95291392349199,200.061,-179.945,-0.097,0.0
rtcp_input_smoothed_mm,35,mm,125.39182679609593,86.90779948122609,200.061,-179.945,-0.097,0.0
rtcp_input_smoothed_mm,36,mm,125.09423250324672,87.86248927570588,200.061,-179.945,-0.097,0.0
rtcp_input_smoothed_mm,37,mm,124.7959478622661,88.81696309035776,200.061,-179.945,-0.097,0.0
rtcp_input_smoothed_mm,38,mm,124.49690926618479,89.7712003931884,200.061,-179.945,-0.097,0.0
rtcp_input_smoothed_mm,39,mm,124.1970524925158,90.72518029028735,200.061,-179.945,-0.097,0.0
rtcp_input_smoothed_mm,40,mm,123.89631260761244,91.67888147862354,200.061,-179.945,-0.097,0.0
rtcp_input_smoothed_mm,41,mm,123.59462387552607,92.63228219924758,200.061,-179.945,-0.097,0.0
rtcp_input_smoothed_mm,42,mm,123.29191967675071,93.58536019261057,200.061,-179.945,-0.097,0.0
rtcp_input_smoothed_mm,43,mm,122.98813245340769,94.53809266154002,200.061,-179.945,-0.097,0.0
rtcp_input_smoothed_mm,44,mm,122.68319373438251,95.49045626006688,200.061,-179.945,-0.097,0.0
rtcp_input_smoothed_mm,45,mm,122.3770343960705,96.44242716126394,200.061,-179.945,-0.097,0.0
rtcp_input_smoothed_mm,46,mm,122.06958554399233,97.39398133574767,200.061,-179.945,-0.097,0.0
rtcp_input_smoothed_mm,47,mm,121.76078080209004,98.34509530970388,200.061,-179.945,-0.097,0.0
rtcp_input_smoothed_mm,48,mm,121.45056130403215,99.29574784491079,200.061,-179.945,-0.097,0.0
rtcp_input_smoothed_mm,49,mm,121.13888500582857,100.24592309504622,200.061,-179.945,-0.097,0.0
rtcp_input_smoothed_mm,50,mm,120.82574154984832,101.19561566115726,200.061,-179.945,-0.097,0.0
rtcp_input_smoothed_mm,51,mm,120.51117226412524,102.14483740891846,200.061,-179.945,-0.097,0.0
rtcp_input_smoothed_mm,52,mm,120.19529194952133,103.09362491100886,200.061,-179.945,-0.097,0.0
rtcp_input_smoothed_mm,53,mm,119.87830589810892,104.04204528269916,200.061,-179.945,-0.097,0.0
rtcp_input_smoothed_mm,54,mm,119.56051406223122,104.99019765702418,200.061,-179.945,-0.097,0.0
rtcp_input_smoothed_mm,55,mm,119.24229632092519,105.9382082342867,200.061,-179.945,-0.097,0.0
rtcp_input_smoothed_mm,56,mm,118.91607701024252,106.88349990677,200.061,-179.945,-0.097,0.0
rtcp_input_smoothed_mm,57,mm,118.05585144278743,106.77245385052719,200.061,-179.945,-0.097,0.0
rtcp_input_smoothed_mm,58,mm,117.1006839551753,106.476390563745,200.061,-179.945,-0.097,0.0
rtcp_input_smoothed_mm,59,mm,116.14547063494194,106.18047559108794,200.061,-179.945,-0.097,0.0
rtcp_input_smoothed_mm,60,mm,115.19017063662454,105.88484121291962,200.061,-179.945,-0.097,0.0
rtcp_input_smoothed_mm,61,mm,114.23475178096265,105.58959184073532,200.061,-179.945,-0.097,0.0
rtcp_input_smoothed_mm,62,mm,113.27919216587084,105.2947988206688,200.061,-179.945,-0.097,0.0
rtcp_input_smoothed_mm,63,mm,112.32347973674021,105.00050178929081,200.061,-179.945,-0.097,0.0
rtcp_input_smoothed_mm,64,mm,111.36761046757323,104.70671449255374,200.061,-179.945,-0.097,0.0
rtcp_input_smoothed_mm,65,mm,110.41158602335233,104.41343227565787,200.061,-179.945,-0.097,0.0
rtcp_input_smoothed_mm,66,mm,109.45541161041942,104.1206389756895,200.061,-179.945,-0.097,0.0
rtcp_input_smoothed_mm,67,mm,108.49909437626162,103.82831205633272,200.061,-179.945,-0.097,0.0
rtcp_input_smoothed_mm,68,mm,107.54264240425874,103.5364258370694,200.061,-179.945,-0.097,0.0
rtcp_input_smoothed_mm,69,mm,106.58606417133632,103.24495323932692,200.061,-179.945,-0.097,0.0
rtcp_input_smoothed_mm,70,mm,105.62936829444922,102.95386660721762,200.061,-179.945,-0.097,0.0
rtcp_input_smoothed_mm,71,mm,104.67256342707044,102.66313804773337,200.061,-179.945,-0.097,0.0
rtcp_input_smoothed_mm,72,mm,103.71565822183092,102.37273955907753,200.061,-179.945,-0.097,0.0
rtcp_input_smoothed_mm,73,mm,102.75866131868636,102.08264307723512,200.061,-179.945,-0.097,0.0
rtcp_input_smoothed_mm,74,mm,101.80158134230224,101.79282049298845,200.061,-179.945,-0.097,0.0
rtcp_input_smoothed_mm,75,mm,100.84442690281959,101.50324365808063,200.061,-179.945,-0.097,0.0
rtcp_input_smoothed_mm,76,mm,99.88720659785272,101.21388438743742,200.061,-179.945,-0.097,0.0
rtcp_input_smoothed_mm,77,mm,98.92992901484693,100.92471446026055,200.061,-179.945,-0.097,0.0
rtcp_input_smoothed_mm,78,mm,97.97260273339674,100.63570562128797,200.061,-179.945,-0.097,0.0
rtcp_input_smoothed_mm,79,mm,97.01523632726236,100.34682958308684,200.061,-179.945,-0.097,0.0
rtcp_input_smoothed_mm,80,mm,96.05783836595012,100.05805802982361,200.061,-179.945,-0.097,0.0
rtcp_input_smoothed_mm,81,mm,95.10041741597644,99.76936262211213,200.061,-179.945,-0.097,0.0
rtcp_input_smoothed_mm,82,mm,94.14298204210976,99.48071500195869,200.061,-179.945,-0.097,0.0
rtcp_input_smoothed_mm,83,mm,93.18554080878786,99.19208679714637,200.061,-179.945,-0.097,0.0
rtcp_input_smoothed_mm,84,mm,92.22810228168922,98.90344962512867,200.061,-179.945,-0.097,0.0
rtcp_input_smoothed_mm,85,mm,91.27067502937906,98.61477509669228,200.061,-179.945,-0.097,0.0
rtcp_input_smoothed_mm,86,mm,90.31326762504713,98.32603481932497,200.061,-179.945,-0.097,0.0
rtcp_input_smoothed_mm,87,mm,89.35588864833922,98.0372004002722,200.061,-179.945,-0.097,0.0
rtcp_input_smoothed_mm,88,mm,88.39854668708638,97.74824344992555,200.061,-179.945,-0.097,0.0
rtcp_input_smoothed_mm,89,mm,87.44125033864584,97.45913558648678,200.061,-179.945,-0.097,0.0
rtcp_input_smoothed_mm,90,mm,86.48400821082403,97.16984844200445,200.061,-179.945,-0.097,0.0
rtcp_input_smoothed_mm,91,mm,85.52682892272861,96.88035366862778,200.061,-179.945,-0.097,0.0
rtcp_input_smoothed_mm,92,mm,84.56972110595062,96.59062294373847,200.061,-179.945,-0.097,0.0
rtcp_input_smoothed_mm,93,mm,83.61269340615345,96.3006279736982,200.061,-179.945,-0.097,0.0
rtcp_input_smoothed_mm,94,mm,82.655754484861,96.01034049689987,200.061,-179.945,-0.097,0.0
rtcp_input_smoothed_mm,95,mm,81.69891302129858,95.71973228661346,200.061,-179.945,-0.097,0.0
rtcp_input_smoothed_mm,96,mm,80.74217771434037,95.42877515344848,200.061,-179.945,-0.097,0.0
rtcp_input_smoothed_mm,97,mm,79.78555728461139,95.1374409472687,200.061,-179.945,-0.097,0.0
rtcp_input_smoothed_mm,98,mm,78.82906047662107,94.84570155895813,200.061,-179.945,-0.097,0.0
rtcp_input_smoothed_mm,99,mm,77.87269606073866,94.55352892266265,200.061,-179.945,-0.097,0.0
rtcp_input_smoothed_mm,100,mm,76.91647283483691,94.26089501905756,200.061,-179.945,-0.097,0.0
rtcp_input_smoothed_mm,101,mm,75.96039962532248,93.9677718805261,200.061,-179.945,-0.097,0.0
rtcp_input_smoothed_mm,102,mm,75.00448528720138,93.67413159936942,200.061,-179.945,-0.097,0.0
rtcp_input_smoothed_mm,103,mm,74.04873870325592,93.37994633880581,200.061,-179.945,-0.097,0.0
rtcp_input_smoothed_mm,104,mm,73.09316878325009,93.08518834380162,200.061,-179.945,-0.097,0.0
rtcp_input_smoothed_mm,105,mm,72.13778446445781,92.78982994752975,200.061,-179.945,-0.097,0.0
rtcp_input_smoothed_mm,106,mm,71.18259471411531,92.49384357149118,200.061,-179.945,-0.097,0.0
rtcp_input_smoothed_mm,107,mm,70.22760853319527,92.19720172125353,200.061,-179.945,-0.097,0.0
rtcp_input_smoothed_mm,108,mm,69.2728349602595,91.89987698185725,200.061,-179.945,-0.097,0.0
rtcp_input_smoothed_mm,109,mm,68.31828307426534,91.60184201651066,200.061,-179.945,-0.097,0.0
rtcp_input_smoothed_mm,110,mm,67.36396199517792,91.30306957212602,200.061,-179.945,-0.097,0.0
rtcp_input_smoothed_mm,111,mm,66.40988087962037,91.0035325001149,200.061,-179.945,-0.097,0.0
rtcp_input_smoothed_mm,112,mm,65.45604890269377,90.70320381944231,200.061,-179.945,-0.097,0.0
rtcp_input_smoothed_mm,113,mm,64.5024751997241,90.40205690191756,200.061,-179.945,-0.097,0.0
rtcp_input_smoothed_mm,114,mm,63.54916870198866,90.10006598088026,200.061,-179.945,-0.097,0.0
rtcp_input_smoothed_mm,115,mm,62.596137730092025,89.79720739936413,200.061,-179.945,-0.097,0.0
rtcp_input_smoothed_mm,116,mm,61.64338911850125,89.49346228908024,200.061,-179.945,-0.097,0.0
rtcp_input_smoothed_mm,117,mm,60.69092658522237,89.18882155298041,200.061,-179.945,-0.097,0.0
rtcp_input_smoothed_mm,118,mm,59.738748125971554,88.88329382381097,200.061,-179.945,-0.097,0.0
rtcp_input_smoothed_mm,119,mm,58.786842500193266,88.57691619073897,200.061,-179.945,-0.097,0.0
rtcp_input_smoothed_mm,120,mm,57.83518539458503,88.26976590273927,200.061,-179.945,-0.097,0.0
rtcp_input_smoothed_mm,121,mm,56.8837364217609,87.96196951070753,200.061,-179.945,-0.097,0.0
rtcp_input_smoothed_mm,122,mm,55.93243838803425,87.65370506711253,200.061,-179.945,-0.097,0.0
rtcp_input_smoothed_mm,123,mm,54.981219909843055,87.34519408615108,200.061,-179.945,-0.097,0.0
rtcp_input_smoothed_mm,124,mm,54.28088844934927,86.83178270103089,200.061,-179.945,-0.097,0.0
rtcp_input_smoothed_mm,125,mm,54.45200207628782,85.84654122090907,200.061,-179.945,-0.097,0.0
rtcp_input_smoothed_mm,126,mm,54.659620253347825,84.86855116308101,200.061,-179.945,-0.097,0.0
rtcp_input_smoothed_mm,127,mm,54.869691938902676,83.89111594948056,200.061,-179.945,-0.097,0.0
rtcp_input_smoothed_mm,128,mm,55.08438682895701,82.91473394773018,200.061,-179.945,-0.097,0.0
rtcp_input_smoothed_mm,129,mm,55.30538133258949,81.93980463711519,200.061,-179.945,-0.097,0.0
rtcp_input_smoothed_mm,130,mm,55.53376690124518,80.96660858680889,200.061,-179.945,-0.097,0.0
rtcp_input_smoothed_mm,131,mm,55.77007509148599,79.9953098408455,200.061,-179.945,-0.097,0.0
rtcp_input_smoothed_mm,132,mm,56.014382646966936,79.02597401896362,200.061,-179.945,-0.097,0.0
rtcp_input_smoothed_mm,133,mm,56.266446947435085,78.05859291376125,200.061,-179.945,-0.097,0.0
rtcp_input_smoothed_mm,134,mm,56.52583103015151,77.09310788850937,200.061,-179.945,-0.097,0.0
rtcp_input_smoothed_mm,135,mm,56.791996945523515,76.12942793790106,200.061,-179.945,-0.097,0.0
rtcp_input_smoothed_mm,136,mm,57.06436442881163,75.16744164502079,200.061,-179.945,-0.097,0.0
rtcp_input_smoothed_mm,137,mm,57.342342309683886,74.20702423906316,200.061,-179.945,-0.097,0.0
rtcp_input_smoothed_mm,138,mm,57.62534266467234,73.24804148701872,200.061,-179.945,-0.097,0.0
rtcp_input_smoothed_mm,139,mm,57.91278568333881,72.29035181427273,200.061,-179.945,-0.097,0.0
rtcp_input_smoothed_mm,140,mm,58.20409976509123,71.33380741441395,200.061,-179.945,-0.097,0.0
rtcp_input_smoothed_mm,141,mm,58.49871805729538,70.37825444235564,200.061,-179.945,-0.097,0.0
rtcp_input_smoothed_mm,142,mm,58.79606966413917,69.42353170143068,200.061,-179.945,-0.097,0.0
rtcp_input_smoothed_mm,143,mm,59.095561102086485,68.46946656669273,200.061,-179.945,-0.097,0.0
rtcp_input_smoothed_mm,144,mm,59.39654240926417,67.51586659607361,200.061,-179.945,-0.097,0.0
rtcp_input_smoothed_mm,145,mm,59.698255498571136,66.56250618838953,200.061,-179.945,-0.097,0.0
rtcp_input_smoothed_mm,146,mm,59.99977306252099,65.60911063809644,200.061,-179.945,-0.097,0.0
rtcp_input_smoothed_mm,147,mm,60.29995421909035,64.65534489333061,200.061,-179.945,-0.097,0.0
rtcp_input_smoothed_mm,148,mm,60.59745991079846,63.700818952631565,200.061,-179.945,-0.097,0.0
rtcp_input_smoothed_mm,149,mm,60.89087122825113,62.74512182014516,200.061,-179.945,-0.097,0.0
rtcp_input_smoothed_mm,150,mm,61.17892376102193,61.78788756133434,200.061,-179.945,-0.097,0.0
rtcp_input_smoothed_mm,151,mm,61.46081405642568,60.82888121554302,200.061,-179.945,-0.097,0.0
rtcp_input_smoothed_mm,152,mm,61.736477645709506,59.868076708974016,200.061,-179.945,-0.097,0.0
rtcp_input_smoothed_mm,153,mm,62.006720885696986,58.90569420959098,200.061,-179.945,-0.097,0.0
rtcp_input_smoothed_mm,154,mm,62.2731333529843,57.94217665762358,200.061,-179.945,-0.097,0.0
rtcp_input_smoothed_mm,155,mm,62.537797121972325,56.97810987580581,200.061,-179.945,-0.097,0.0
rtcp_input_smoothed_mm,156,mm,62.8028947141239,56.01411417294072,200.061,-179.945,-0.097,0.0
rtcp_input_smoothed_mm,157,mm,63.07035041059859,55.05074444515144,200.061,-179.945,-0.097,0.0
rtcp_input_smoothed_mm,158,mm,63.34160631610173,54.088426736977134,200.061,-179.945,-0.097,0.0
rtcp_input_smoothed_mm,159,mm,63.61756254000203,53.12743957681148,200.061,-179.945,-0.097,0.0
rtcp_input_smoothed_mm,160,mm,63.89864474558833,52.16793032866761,200.061,-179.945,-0.097,0.0
rtcp_input_smoothed_mm,161,mm,64.18493230012754,51.20994853467829,200.061,-179.945,-0.097,0.0
rtcp_input_smoothed_mm,162,mm,64.47628789515055,50.25348019430863,200.061,-179.945,-0.097,0.0
rtcp_input_smoothed_mm,163,mm,64.7724563721137,49.298474143798245,200.061,-179.945,-0.097,0.0
rtcp_input_smoothed_mm,164,mm,65.0731262900185,48.34485866419291,200.061,-179.945,-0.097,0.0
rtcp_input_smoothed_mm,165,mm,65.3779622332582,47.3925503710725,200.061,-179.945,-0.097,0.0
rtcp_input_smoothed_mm,166,mm,65.68661929256142,46.441458397146846,200.061,-179.945,-0.097,0.0
rtcp_input_smoothed_mm,167,mm,65.99874868920855,45.49148624469143,200.061,-179.945,-0.097,0.0
rtcp_input_smoothed_mm,168,mm,66.31399980377762,44.54253270781995,200.061,-179.945,-0.097,0.0
rtcp_input_smoothed_mm,169,mm,66.63202116079866,43.59449255191331,200.061,-179.945,-0.097,0.0
rtcp_input_smoothed_mm,170,mm,66.95246157214432,42.64725729160763,200.061,-179.945,-0.097,0.0
rtcp_input_smoothed_mm,171,mm,67.27497221847008,41.70071631276756,200.061,-179.945,-0.097,0.0
rtcp_input_smoothed_mm,172,mm,67.59921037525035,40.754758574493344,200.061,-179.945,-0.097,0.0
rtcp_input_smoothed_mm,173,mm,67.92484527809448,39.809275055746795,200.061,-179.945,-0.097,0.0
rtcp_input_smoothed_mm,174,mm,68.25156595266385,38.86416187667422,200.061,-179.945,-0.097,0.0
rtcp_input_smoothed_mm,175,mm,68.57908968866141,37.91932362434543,200.061,-179.945,-0.097,0.0
rtcp_input_smoothed_mm,176,mm,68.9071686160759,36.974675987641085,200.061,-179.945,-0.097,0.0
rtcp_input_smoothed_mm,177,mm,69.23559129003657,36.03014661673439,200.061,-179.945,-0.097,0.0
rtcp_input_smoothed_mm,178,mm,69.56417699511164,35.08567340852227,200.061,-179.945,-0.097,0.0
rtcp_input_smoothed_mm,179,mm,69.89197382247292,34.1409252482026,200.061,-179.945,-0.097,0.0
rtcp_input_smoothed_mm,180,mm,70.59820067992342,33.920669998603366,200.061,-179.945,-0.097,0.0
rtcp_input_smoothed_mm,181,mm,71.55779059688058,34.20207103249092,200.061,-179.945,-0.097,0.0
rtcp_input_smoothed_mm,182,mm,72.51740637099442,34.483383767425664,200.061,-179.945,-0.097,0.0
rtcp_input_smoothed_mm,183,mm,73.4770700239415,34.76453297829032,200.061,-179.945,-0.097,0.0
rtcp_input_smoothed_mm,184,mm,74.43679689916154,35.04546621028939,200.061,-179.945,-0.097,0.0
rtcp_input_smoothed_mm,185,mm,75.39659439344264,35.32615811800979,200.061,-179.945,-0.097,0.0
rtcp_input_smoothed_mm,186,mm,76.35646225120865,35.60660948368017,200.061,-179.945,-0.097,0.0
rtcp_input_smoothed_mm,187,mm,77.31639393461458,35.88684256750483,200.061,-179.945,-0.097,0.0
rtcp_input_smoothed_mm,188,mm,78.27637840924878,36.16689503347774,200.061,-179.945,-0.097,0.0
rtcp_input_smoothed_mm,189,mm,79.23640180197725,36.44681429887705,200.061,-179.945,-0.097,0.0
rtcp_input_smoothed_mm,190,mm,80.1964486468213,36.72665327523066,200.061,-179.945,-0.097,0.0
rtcp_input_smoothed_mm,191,mm,81.1565026767623,37.006467646388245,200.061,-179.945,-0.097,0.0
rtcp_input_smoothed_mm,192,mm,82.11654725830616,37.286314356860984,200.061,-179.945,-0.097,0.0
rtcp_input_smoothed_mm,193,mm,83.07656560057539,37.566250864302305,200.061,-179.945,-0.097,0.0
rtcp_input_smoothed_mm,194,mm,84.03654084543511,37.84633479530384,200.061,-179.945,-0.097,0.0
rtcp_input_smoothed_mm,195,mm,84.99645610424773,38.12662378228761,200.061,-179.945,-0.097,0.0
rtcp_input_smoothed_mm,196,mm,85.95629447443235,38.40717536916693,200.061,-179.945,-0.097,0.0
rtcp_input_smoothed_mm,197,mm,86.91603905005401,38.688046937697365,200.061,-179.945,-0.097,0.0
rtcp_input_smoothed_mm,198,mm,87.87567293139347,38.96929563790572,200.061,-179.945,-0.097,0.0
rtcp_input_smoothed_mm,199,mm,88.83517923456506,39.25097831921492,200.061,-179.945,-0.097,0.0
rtcp_input_smoothed_mm,200,mm,89.79454110153435,39.53315146137848,200.061,-179.945,-0.097,0.0
rtcp_input_smoothed_mm,201,mm,90.75374171266733,39.81587109849576,200.061,-179.945,-0.097,0.0
rtcp_input_smoothed_mm,202,mm,91.71276430938937,40.0991927116017,200.061,-179.945,-0.097,0.0
rtcp_input_smoothed_mm,203,mm,92.67159224890443,40.38317101866712,200.061,-179.945,-0.097,0.0
rtcp_input_smoothed_mm,204,mm,93.6302091467689,40.66785948098956,200.061,-179.945,-0.097,0.0
rtcp_input_smoothed_mm,205,mm,94.58859922765136,40.95330913527074,200.061,-179.945,-0.097,0.0
rtcp_input_smoothed_mm,206,mm,95.54674809790541,41.23956605744702,200.061,-179.945,-0.097,0.0
rtcp_input_smoothed_mm,207,mm,96.50464423962981,41.52666648461499,200.061,-179.945,-0.097,0.0
rtcp_input_smoothed_mm,208,mm,97.46228152123771,41.814628636256444,200.061,-179.945,-0.097,0.0
rtcp_input_smoothed_mm,209,mm,98.41966281547616,42.103440938395906,200.061,-179.945,-0.097,0.0
rtcp_input_smoothed_mm,210,mm,99.37680435651697,42.39304784544065,200.061,-179.945,-0.097,0.0
rtcp_input_smoothed_mm,211,mm,100.33373985599394,42.6833364404017,200.061,-179.945,-0.097,0.0
rtcp_input_smoothed_mm,212,mm,101.2905229347642,42.97412849741511,200.061,-179.945,-0.097,0.0
rtcp_input_smoothed_mm,213,mm,102.24722648961836,43.265182487194,200.061,-179.945,-0.097,0.0
rtcp_input_smoothed_mm,214,mm,103.20393839001325,43.55620748640247,200.061,-179.945,-0.097,0.0
rtcp_input_smoothed_mm,215,mm,104.1607541645022,43.84688684582433,200.061,-179.945,-0.097,0.0
rtcp_input_smoothed_mm,216,mm,105.11776849322627,44.1369057173939,200.061,-179.945,-0.097,0.0
rtcp_input_smoothed_mm,217,mm,106.07506774496673,44.425975170786145,200.061,-179.945,-0.097,0.0
rtcp_input_smoothed_mm,218,mm,107.03272523365173,44.71384745942725,200.061,-179.945,-0.097,0.0
rtcp_input_smoothed_mm,219,mm,107.99079958250002,45.00032116650633,200.061,-179.945,-0.097,0.0
rtcp_input_smoothed_mm,220,mm,108.9493351135714,45.28523971994462,200.061,-179.945,-0.097,0.0
rtcp_input_smoothed_mm,221,mm,109.90836197755837,45.568490654708604,200.061,-179.945,-0.097,0.0
rtcp_input_smoothed_mm,222,mm,110.86789306937578,45.85001518956861,200.061,-179.945,-0.097,0.0
rtcp_input_smoothed_mm,223,mm,111.82791503188948,46.12983695659599,200.061,-179.945,-0.097,0.0
rtcp_input_smoothed_mm,224,mm,112.78837267747289,46.408112369624924,200.061,-179.945,-0.097,0.0
rtcp_input_smoothed_mm,225,mm,113.74915083722502,46.685190186536516,200.061,-179.945,-0.097,0.0
rtcp_input_smoothed_mm,226,mm,114.71006438981962,46.96164592076093,200.061,-179.945,-0.097,0.0
rtcp_input_smoothed_mm,227,mm,115.67087234461431,47.23823943902277,200.061,-179.945,-0.097,0.0
rtcp_input_smoothed_mm,228,mm,116.63132916166596,47.51575140173822,200.061,-179.945,-0.097,0.0
rtcp_input_smoothed_mm,229,mm,117.59127162047632,47.79470112804967,200.061,-179.945,-0.097,0.0
rtcp_input_smoothed_mm,230,mm,118.55071600072682,48.075025201541045,200.061,-179.945,-0.097,0.0
rtcp_input_smoothed_mm,231,mm,119.50992131833215,48.355860981572164,200.061,-179.945,-0.097,0.0
rtcp_input_smoothed_mm,232,mm,120.46937575232893,48.63557972868456,200.061,-179.945,-0.097,0.0
rtcp_input_smoothed_mm,233,mm,121.429690922752,48.9121283218884,200.061,-179.945,-0.097,0.0
rtcp_input_smoothed_mm,234,mm,122.3914300150856,49.18360247205091,200.061,-179.945,-0.097,0.0
rtcp_input_smoothed_mm,235,mm,123.35492666842228,49.448865203723216,200.061,-179.945,-0.097,0.0
rtcp_input_smoothed_mm,236,mm,124.32015310616882,49.7080071517734,200.061,-179.945,-0.097,0.0
rtcp_input_smoothed_mm,237,mm,125.28666870892106,49.96252511659924,200.061,-179.945,-0.097,0.0
rtcp_input_smoothed_mm,238,mm,126.25364318689566,50.21521669472341,200.061,-179.945,-0.097,0.0
rtcp_input_smoothed_mm,239,mm,127.21992479344789,50.469878807211636,200.061,-179.945,-0.097,0.0
rtcp_input_smoothed_mm,240,mm,128.18412527087486,50.730916015740185,200.061,-179.945,-0.097,0.0
rtcp_input_smoothed_mm,241,mm,129.14471436806622,51.00292068479153,200.061,-179.945,-0.097,0.0
rtcp_input_smoothed_mm,242,mm,130.10014154313558,51.290224978927675,200.061,-179.945,-0.097,0.0
rtcp_input_smoothed_mm,243,mm,131.04901282136643,51.5963913415187,200.061,-179.945,-0.097,0.0
rtcp_input_smoothed_mm,244,mm,131.99033501936515,51.92363066292419,200.061,-179.945,-0.097,0.0
rtcp_input_smoothed_mm,245,mm,132.92379853131558,52.272211870711274,200.061,-179.945,-0.097,0.0
rtcp_input_smoothed_mm,246,mm,133.8500207061968,52.640016222464325,200.061,-179.945,-0.097,0.0
rtcp_input_smoothed_mm,247,mm,134.77064426225732,53.02243550675591,200.061,-179.945,-0.097,0.0
rtcp_input_smoothed_mm,248,mm,135.68820645654964,53.412764975345645,200.061,-179.945,-0.097,0.0
rtcp_input_smoothed_mm,249,mm,135.8585435923436,53.51018462443899,200.061,-179.945,-0.097,0.0
execution_mm,0,mm,135.8585435923436,53.51018462443899,200.061,-179.945,-0.097,0.0
execution_mm,1,mm,135.5443555959034,54.45954525879766,200.061,-179.945,-0.097,0.0
execution_mm,2,mm,135.23511468779324,55.41052430991316,200.061,-179.945,-0.097,0.0
execution_mm,3,mm,134.92621871260735,56.361614794456514,200.061,-179.945,-0.097,0.0
execution_mm,4,mm,134.61797356208456,57.312915365587756,200.061,-179.945,-0.097,0.0
execution_mm,5,mm,134.310617304779,58.26450248843279,200.061,-179.945,-0.097,0.0
execution_mm,6,mm,134.00430764638827,59.21642636977931,200.061,-179.945,-0.097,0.0
execution_mm,7,mm,133.69912545393646,60.168712162457005,200.061,-179.945,-0.097,0.0
execution_mm,8,mm,133.3950892497648,61.12136476494558,200.061,-179.945,-0.097,0.0
execution_mm,9,mm,133.09217382233808,62.074374959938844,200.061,-179.945,-0.097,0.0
execution_mm,10,mm,132.79032735520428,63.027725050797024,200.061,-179.945,-0.097,0.0
execution_mm,11,mm,132.48948418697813,63.981393049054944,200.061,-179.945,-0.097,0.0
execution_mm,12,mm,132.1895728160418,64.93535528992581,200.061,-179.945,-0.097,0.0
execution_mm,13,mm,131.8905201816041,65.88958781899782,200.061,-179.945,-0.097,0.0
execution_mm,14,mm,131.59225360025982,66.84406700658991,200.061,-179.945,-0.097,0.0
execution_mm,15,mm,131.29470147289112,67.79876975806135,200.061,-179.945,-0.097,0.0
execution_mm,16,mm,130.99779345075484,68.75367354732549,200.061,-179.945,-0.097,0.0
execution_mm,17,mm,130.70146040486065,69.70875638695293,200.061,-179.945,-0.097,0.0
execution_mm,18,mm,130.4056343382197,70.66399678079637,200.061,-179.945,-0.097,0.0
execution_mm,19,mm,130.11024828603183,71.61937367389513,200.061,-179.945,-0.097,0.0
execution_mm,20,mm,129.8152362155726,72.57486640339603,200.061,-179.945,-0.097,0.0
execution_mm,21,mm,129.52053292872625,73.53045465130444,200.061,-179.945,-0.097,0.0
execution_mm,22,mm,129.22607396772494,74.48611839911402,200.061,-179.945,-0.097,0.0
execution_mm,23,mm,128.9317955239196,75.44183788413729,200.061,-179.945,-0.097,0.0
execution_mm,24,mm,128.63763434977295,76.39759355747256,200.061,-179.945,-0.097,0.0
execution_mm,25,mm,128.34352767436508,77.35336604357853,200.061,-179.945,-0.097,0.0
execution_mm,26,mm,128.04941312142483,78.30913610104534,200.061,-179.945,-0.097,0.0
execution_mm,27,mm,127.75522862760805,79.26488458376372,200.061,-179.945,-0.097,0.0
execution_mm,28,mm,127.4609123596274,80.2205924019712,200.061,-179.945,-0.097,0.0
execution_mm,29,mm,127.16640263158283,81.17624048349867,200.061,-179.945,-0.097,0.0
execution_mm,30,mm,126.87163782559077,82.13180973608002,200.061,-179.945,-0.097,0.0
execution_mm,31,mm,126.57655631778319,83.0872810112773,200.061,-179.945,-0.097,0.0
execution_mm,32,mm,126.28109640937397,84.04263506985126,200.061,-179.945,-0.097,0.0
execution_mm,33,mm,125.9851962610633,84.9978525479701,200.061,-179.945,-0.097,0.0
execution_mm,34,mm,125.68879382857386,85.95291392349199,200.061,-179.945,-0.097,0.0
execution_mm,35,mm,125.39182679609593,86.90779948122609,200.061,-179.945,-0.097,0.0
execution_mm,36,mm,125.09423250324672,87.86248927570588,200.061,-179.945,-0.097,0.0
execution_mm,37,mm,124.7959478622661,88.81696309035776,200.061,-179.945,-0.097,0.0
execution_mm,38,mm,124.49690926618479,89.7712003931884,200.061,-179.945,-0.097,0.0
execution_mm,39,mm,124.1970524925158,90.72518029028735,200.061,-179.945,-0.097,0.0
execution_mm,40,mm,123.89631260761244,91.67888147862354,200.061,-179.945,-0.097,0.0
execution_mm,41,mm,123.59462387552607,92.63228219924758,200.061,-179.945,-0.097,0.0
execution_mm,42,mm,123.29191967675071,93.58536019261057,200.061,-179.945,-0.097,0.0
execution_mm,43,mm,122.98813245340769,94.53809266154002,200.061,-179.945,-0.097,0.0
execution_mm,44,mm,122.68319373438251,95.49045626006688,200.061,-179.945,-0.097,0.0
execution_mm,45,mm,122.3770343960705,96.44242716126394,200.061,-179.945,-0.097,0.0
execution_mm,46,mm,122.06958554399233,97.39398133574767,200.061,-179.945,-0.097,0.0
execution_mm,47,mm,121.76078080209004,98.34509530970388,200.061,-179.945,-0.097,0.0
execution_mm,48,mm,121.45056130403215,99.29574784491079,200.061,-179.945,-0.097,0.0
execution_mm,49,mm,121.13888500582857,100.24592309504622,200.061,-179.945,-0.097,0.0
execution_mm,50,mm,120.82574154984832,101.19561566115726,200.061,-179.945,-0.097,0.0
execution_mm,51,mm,120.51117226412524,102.14483740891846,200.061,-179.945,-0.097,0.0
execution_mm,52,mm,120.19529194952133,103.09362491100886,200.061,-179.945,-0.097,0.0
execution_mm,53,mm,119.87830589810892,104.04204528269916,200.061,-179.945,-0.097,0.0
execution_mm,54,mm,119.56051406223122,104.99019765702418,200.061,-179.945,-0.097,0.0
execution_mm,55,mm,119.24229632092519,105.9382082342867,200.061,-179.945,-0.097,0.0
execution_mm,56,mm,118.91607701024252,106.88349990677,200.061,-179.945,-0.097,0.0
execution_mm,57,mm,118.05585144278743,106.77245385052719,200.061,-179.945,-0.097,0.0
execution_mm,58,mm,117.1006839551753,106.476390563745,200.061,-179.945,-0.097,0.0
execution_mm,59,mm,116.14547063494194,106.18047559108794,200.061,-179.945,-0.097,0.0
execution_mm,60,mm,115.19017063662454,105.88484121291962,200.061,-179.945,-0.097,0.0
execution_mm,61,mm,114.23475178096265,105.58959184073532,200.061,-179.945,-0.097,0.0
execution_mm,62,mm,113.27919216587084,105.2947988206688,200.061,-179.945,-0.097,0.0
execution_mm,63,mm,112.32347973674021,105.00050178929081,200.061,-179.945,-0.097,0.0
execution_mm,64,mm,111.36761046757323,104.70671449255374,200.061,-179.945,-0.097,0.0
execution_mm,65,mm,110.41158602335233,104.41343227565787,200.061,-179.945,-0.097,0.0
execution_mm,66,mm,109.45541161041942,104.1206389756895,200.061,-179.945,-0.097,0.0
execution_mm,67,mm,108.49909437626162,103.82831205633272,200.061,-179.945,-0.097,0.0
execution_mm,68,mm,107.54264240425874,103.5364258370694,200.061,-179.945,-0.097,0.0
execution_mm,69,mm,106.58606417133632,103.24495323932692,200.061,-179.945,-0.097,0.0
execution_mm,70,mm,105.62936829444922,102.95386660721762,200.061,-179.945,-0.097,0.0
execution_mm,71,mm,104.67256342707044,102.66313804773337,200.061,-179.945,-0.097,0.0
execution_mm,72,mm,103.71565822183092,102.37273955907753,200.061,-179.945,-0.097,0.0
execution_mm,73,mm,102.75866131868636,102.08264307723512,200.061,-179.945,-0.097,0.0
execution_mm,74,mm,101.80158134230224,101.79282049298845,200.061,-179.945,-0.097,0.0
execution_mm,75,mm,100.84442690281959,101.50324365808063,200.061,-179.945,-0.097,0.0
execution_mm,76,mm,99.88720659785272,101.21388438743742,200.061,-179.945,-0.097,0.0
execution_mm,77,mm,98.92992901484693,100.92471446026055,200.061,-179.945,-0.097,0.0
execution_mm,78,mm,97.97260273339674,100.63570562128797,200.061,-179.945,-0.097,0.0
execution_mm,79,mm,97.01523632726236,100.34682958308684,200.061,-179.945,-0.097,0.0
execution_mm,80,mm,96.05783836595012,100.05805802982361,200.061,-179.945,-0.097,0.0
execution_mm,81,mm,95.10041741597644,99.76936262211213,200.061,-179.945,-0.097,0.0
execution_mm,82,mm,94.14298204210976,99.48071500195869,200.061,-179.945,-0.097,0.0
execution_mm,83,mm,93.18554080878786,99.19208679714637,200.061,-179.945,-0.097,0.0
execution_mm,84,mm,92.22810228168922,98.90344962512867,200.061,-179.945,-0.097,0.0
execution_mm,85,mm,91.27067502937906,98.61477509669228,200.061,-179.945,-0.097,0.0
execution_mm,86,mm,90.31326762504713,98.32603481932497,200.061,-179.945,-0.097,0.0
execution_mm,87,mm,89.35588864833922,98.0372004002722,200.061,-179.945,-0.097,0.0
execution_mm,88,mm,88.39854668708638,97.74824344992555,200.061,-179.945,-0.097,0.0
execution_mm,89,mm,87.44125033864584,97.45913558648678,200.061,-179.945,-0.097,0.0
execution_mm,90,mm,86.48400821082403,97.16984844200445,200.061,-179.945,-0.097,0.0
execution_mm,91,mm,85.52682892272861,96.88035366862778,200.061,-179.945,-0.097,0.0
execution_mm,92,mm,84.56972110595062,96.59062294373847,200.061,-179.945,-0.097,0.0
execution_mm,93,mm,83.61269340615345,96.3006279736982,200.061,-179.945,-0.097,0.0
execution_mm,94,mm,82.655754484861,96.01034049689987,200.061,-179.945,-0.097,0.0
execution_mm,95,mm,81.69891302129858,95.71973228661346,200.061,-179.945,-0.097,0.0
execution_mm,96,mm,80.74217771434037,95.42877515344848,200.061,-179.945,-0.097,0.0
execution_mm,97,mm,79.78555728461139,95.1374409472687,200.061,-179.945,-0.097,0.0
execution_mm,98,mm,78.82906047662107,94.84570155895813,200.061,-179.945,-0.097,0.0
execution_mm,99,mm,77.87269606073866,94.55352892266265,200.061,-179.945,-0.097,0.0
execution_mm,100,mm,76.91647283483691,94.26089501905756,200.061,-179.945,-0.097,0.0
execution_mm,101,mm,75.96039962532248,93.9677718805261,200.061,-179.945,-0.097,0.0
execution_mm,102,mm,75.00448528720138,93.67413159936942,200.061,-179.945,-0.097,0.0
execution_mm,103,mm,74.04873870325592,93.37994633880581,200.061,-179.945,-0.097,0.0
execution_mm,104,mm,73.09316878325009,93.08518834380162,200.061,-179.945,-0.097,0.0
execution_mm,105,mm,72.13778446445781,92.78982994752975,200.061,-179.945,-0.097,0.0
execution_mm,106,mm,71.18259471411531,92.49384357149118,200.061,-179.945,-0.097,0.0
execution_mm,107,mm,70.22760853319527,92.19720172125353,200.061,-179.945,-0.097,0.0
execution_mm,108,mm,69.2728349602595,91.89987698185725,200.061,-179.945,-0.097,0.0
execution_mm,109,mm,68.31828307426534,91.60184201651066,200.061,-179.945,-0.097,0.0
execution_mm,110,mm,67.36396199517792,91.30306957212602,200.061,-179.945,-0.097,0.0
execution_mm,111,mm,66.40988087962037,91.0035325001149,200.061,-179.945,-0.097,0.0
execution_mm,112,mm,65.45604890269377,90.70320381944231,200.061,-179.945,-0.097,0.0
execution_mm,113,mm,64.5024751997241,90.40205690191756,200.061,-179.945,-0.097,0.0
execution_mm,114,mm,63.54916870198866,90.10006598088026,200.061,-179.945,-0.097,0.0
execution_mm,115,mm,62.596137730092025,89.79720739936413,200.061,-179.945,-0.097,0.0
execution_mm,116,mm,61.64338911850125,89.49346228908024,200.061,-179.945,-0.097,0.0
execution_mm,117,mm,60.69092658522237,89.18882155298041,200.061,-179.945,-0.097,0.0
execution_mm,118,mm,59.738748125971554,88.88329382381097,200.061,-179.945,-0.097,0.0
execution_mm,119,mm,58.786842500193266,88.57691619073897,200.061,-179.945,-0.097,0.0
execution_mm,120,mm,57.83518539458503,88.26976590273927,200.061,-179.945,-0.097,0.0
execution_mm,121,mm,56.8837364217609,87.96196951070753,200.061,-179.945,-0.097,0.0
execution_mm,122,mm,55.93243838803425,87.65370506711253,200.061,-179.945,-0.097,0.0
execution_mm,123,mm,54.981219909843055,87.34519408615108,200.061,-179.945,-0.097,0.0
execution_mm,124,mm,54.28088844934927,86.83178270103089,200.061,-179.945,-0.097,0.0
execution_mm,125,mm,54.45200207628782,85.84654122090907,200.061,-179.945,-0.097,0.0
execution_mm,126,mm,54.659620253347825,84.86855116308101,200.061,-179.945,-0.097,0.0
execution_mm,127,mm,54.869691938902676,83.89111594948056,200.061,-179.945,-0.097,0.0
execution_mm,128,mm,55.08438682895701,82.91473394773018,200.061,-179.945,-0.097,0.0
execution_mm,129,mm,55.30538133258949,81.93980463711519,200.061,-179.945,-0.097,0.0
execution_mm,130,mm,55.53376690124518,80.96660858680889,200.061,-179.945,-0.097,0.0
execution_mm,131,mm,55.77007509148599,79.9953098408455,200.061,-179.945,-0.097,0.0
execution_mm,132,mm,56.014382646966936,79.02597401896362,200.061,-179.945,-0.097,0.0
execution_mm,133,mm,56.266446947435085,78.05859291376125,200.061,-179.945,-0.097,0.0
execution_mm,134,mm,56.52583103015151,77.09310788850937,200.061,-179.945,-0.097,0.0
execution_mm,135,mm,56.791996945523515,76.12942793790106,200.061,-179.945,-0.097,0.0
execution_mm,136,mm,57.06436442881163,75.16744164502079,200.061,-179.945,-0.097,0.0
execution_mm,137,mm,57.342342309683886,74.20702423906316,200.061,-179.945,-0.097,0.0
execution_mm,138,mm,57.62534266467234,73.24804148701872,200.061,-179.945,-0.097,0.0
execution_mm,139,mm,57.91278568333881,72.29035181427273,200.061,-179.945,-0.097,0.0
execution_mm,140,mm,58.20409976509123,71.33380741441395,200.061,-179.945,-0.097,0.0
execution_mm,141,mm,58.49871805729538,70.37825444235564,200.061,-179.945,-0.097,0.0
execution_mm,142,mm,58.79606966413917,69.42353170143068,200.061,-179.945,-0.097,0.0
execution_mm,143,mm,59.095561102086485,68.46946656669273,200.061,-179.945,-0.097,0.0
execution_mm,144,mm,59.39654240926417,67.51586659607361,200.061,-179.945,-0.097,0.0
execution_mm,145,mm,59.698255498571136,66.56250618838953,200.061,-179.945,-0.097,0.0
execution_mm,146,mm,59.99977306252099,65.60911063809644,200.061,-179.945,-0.097,0.0
execution_mm,147,mm,60.29995421909035,64.65534489333061,200.061,-179.945,-0.097,0.0
execution_mm,148,mm,60.59745991079846,63.700818952631565,200.061,-179.945,-0.097,0.0
execution_mm,149,mm,60.89087122825113,62.74512182014516,200.061,-179.945,-0.097,0.0
execution_mm,150,mm,61.17892376102193,61.78788756133434,200.061,-179.945,-0.097,0.0
execution_mm,151,mm,61.46081405642568,60.82888121554302,200.061,-179.945,-0.097,0.0
execution_mm,152,mm,61.736477645709506,59.868076708974016,200.061,-179.945,-0.097,0.0
execution_mm,153,mm,62.006720885696986,58.90569420959098,200.061,-179.945,-0.097,0.0
execution_mm,154,mm,62.2731333529843,57.94217665762358,200.061,-179.945,-0.097,0.0
execution_mm,155,mm,62.537797121972325,56.97810987580581,200.061,-179.945,-0.097,0.0
execution_mm,156,mm,62.8028947141239,56.01411417294072,200.061,-179.945,-0.097,0.0
execution_mm,157,mm,63.07035041059859,55.05074444515144,200.061,-179.945,-0.097,0.0
execution_mm,158,mm,63.34160631610173,54.088426736977134,200.061,-179.945,-0.097,0.0
execution_mm,159,mm,63.61756254000203,53.12743957681148,200.061,-179.945,-0.097,0.0
execution_mm,160,mm,63.89864474558833,52.16793032866761,200.061,-179.945,-0.097,0.0
execution_mm,161,mm,64.18493230012754,51.20994853467829,200.061,-179.945,-0.097,0.0
execution_mm,162,mm,64.47628789515055,50.25348019430863,200.061,-179.945,-0.097,0.0
execution_mm,163,mm,64.7724563721137,49.298474143798245,200.061,-179.945,-0.097,0.0
execution_mm,164,mm,65.0731262900185,48.34485866419291,200.061,-179.945,-0.097,0.0
execution_mm,165,mm,65.3779622332582,47.3925503710725,200.061,-179.945,-0.097,0.0
execution_mm,166,mm,65.68661929256142,46.441458397146846,200.061,-179.945,-0.097,0.0
execution_mm,167,mm,65.99874868920855,45.49148624469143,200.061,-179.945,-0.097,0.0
execution_mm,168,mm,66.31399980377762,44.54253270781995,200.061,-179.945,-0.097,0.0
execution_mm,169,mm,66.63202116079866,43.59449255191331,200.061,-179.945,-0.097,0.0
execution_mm,170,mm,66.95246157214432,42.64725729160763,200.061,-179.945,-0.097,0.0
execution_mm,171,mm,67.27497221847008,41.70071631276756,200.061,-179.945,-0.097,0.0
execution_mm,172,mm,67.59921037525035,40.754758574493344,200.061,-179.945,-0.097,0.0
execution_mm,173,mm,67.92484527809448,39.809275055746795,200.061,-179.945,-0.097,0.0
execution_mm,174,mm,68.25156595266385,38.86416187667422,200.061,-179.945,-0.097,0.0
execution_mm,175,mm,68.57908968866141,37.91932362434543,200.061,-179.945,-0.097,0.0
execution_mm,176,mm,68.9071686160759,36.974675987641085,200.061,-179.945,-0.097,0.0
execution_mm,177,mm,69.23559129003657,36.03014661673439,200.061,-179.945,-0.097,0.0
execution_mm,178,mm,69.56417699511164,35.08567340852227,200.061,-179.945,-0.097,0.0
execution_mm,179,mm,69.89197382247292,34.1409252482026,200.061,-179.945,-0.097,0.0
execution_mm,180,mm,70.59820067992342,33.920669998603366,200.061,-179.945,-0.097,0.0
execution_mm,181,mm,71.55779059688058,34.20207103249092,200.061,-179.945,-0.097,0.0
execution_mm,182,mm,72.51740637099442,34.483383767425664,200.061,-179.945,-0.097,0.0
execution_mm,183,mm,73.4770700239415,34.76453297829032,200.061,-179.945,-0.097,0.0
execution_mm,184,mm,74.43679689916154,35.04546621028939,200.061,-179.945,-0.097,0.0
execution_mm,185,mm,75.39659439344264,35.32615811800979,200.061,-179.945,-0.097,0.0
execution_mm,186,mm,76.35646225120865,35.60660948368017,200.061,-179.945,-0.097,0.0
execution_mm,187,mm,77.31639393461458,35.88684256750483,200.061,-179.945,-0.097,0.0
execution_mm,188,mm,78.27637840924878,36.16689503347774,200.061,-179.945,-0.097,0.0
execution_mm,189,mm,79.23640180197725,36.44681429887705,200.061,-179.945,-0.097,0.0
execution_mm,190,mm,80.1964486468213,36.72665327523066,200.061,-179.945,-0.097,0.0
execution_mm,191,mm,81.1565026767623,37.006467646388245,200.061,-179.945,-0.097,0.0
execution_mm,192,mm,82.11654725830616,37.286314356860984,200.061,-179.945,-0.097,0.0
execution_mm,193,mm,83.07656560057539,37.566250864302305,200.061,-179.945,-0.097,0.0
execution_mm,194,mm,84.03654084543511,37.84633479530384,200.061,-179.945,-0.097,0.0
execution_mm,195,mm,84.99645610424773,38.12662378228761,200.061,-179.945,-0.097,0.0
execution_mm,196,mm,85.95629447443235,38.40717536916693,200.061,-179.945,-0.097,0.0
execution_mm,197,mm,86.91603905005401,38.688046937697365,200.061,-179.945,-0.097,0.0
execution_mm,198,mm,87.87567293139347,38.96929563790572,200.061,-179.945,-0.097,0.0
execution_mm,199,mm,88.83517923456506,39.25097831921492,200.061,-179.945,-0.097,0.0
execution_mm,200,mm,89.79454110153435,39.53315146137848,200.061,-179.945,-0.097,0.0
execution_mm,201,mm,90.75374171266733,39.81587109849576,200.061,-179.945,-0.097,0.0
execution_mm,202,mm,91.71276430938937,40.0991927116017,200.061,-179.945,-0.097,0.0
execution_mm,203,mm,92.67159224890443,40.38317101866712,200.061,-179.945,-0.097,0.0
execution_mm,204,mm,93.6302091467689,40.66785948098956,200.061,-179.945,-0.097,0.0
execution_mm,205,mm,94.58859922765136,40.95330913527074,200.061,-179.945,-0.097,0.0
execution_mm,206,mm,95.54674809790541,41.23956605744702,200.061,-179.945,-0.097,0.0
execution_mm,207,mm,96.50464423962981,41.52666648461499,200.061,-179.945,-0.097,0.0
execution_mm,208,mm,97.46228152123771,41.814628636256444,200.061,-179.945,-0.097,0.0
execution_mm,209,mm,98.41966281547616,42.103440938395906,200.061,-179.945,-0.097,0.0
execution_mm,210,mm,99.37680435651697,42.39304784544065,200.061,-179.945,-0.097,0.0
execution_mm,211,mm,100.33373985599394,42.6833364404017,200.061,-179.945,-0.097,0.0
execution_mm,212,mm,101.2905229347642,42.97412849741511,200.061,-179.945,-0.097,0.0
execution_mm,213,mm,102.24722648961836,43.265182487194,200.061,-179.945,-0.097,0.0
execution_mm,214,mm,103.20393839001325,43.55620748640247,200.061,-179.945,-0.097,0.0
execution_mm,215,mm,104.1607541645022,43.84688684582433,200.061,-179.945,-0.097,0.0
execution_mm,216,mm,105.11776849322627,44.1369057173939,200.061,-179.945,-0.097,0.0
execution_mm,217,mm,106.07506774496673,44.425975170786145,200.061,-179.945,-0.097,0.0
execution_mm,218,mm,107.03272523365173,44.71384745942725,200.061,-179.945,-0.097,0.0
execution_mm,219,mm,107.99079958250002,45.00032116650633,200.061,-179.945,-0.097,0.0
execution_mm,220,mm,108.9493351135714,45.28523971994462,200.061,-179.945,-0.097,0.0
execution_mm,221,mm,109.90836197755837,45.568490654708604,200.061,-179.945,-0.097,0.0
execution_mm,222,mm,110.86789306937578,45.85001518956861,200.061,-179.945,-0.097,0.0
execution_mm,223,mm,111.82791503188948,46.12983695659599,200.061,-179.945,-0.097,0.0
execution_mm,224,mm,112.78837267747289,46.408112369624924,200.061,-179.945,-0.097,0.0
execution_mm,225,mm,113.74915083722502,46.685190186536516,200.061,-179.945,-0.097,0.0
execution_mm,226,mm,114.71006438981962,46.96164592076093,200.061,-179.945,-0.097,0.0
execution_mm,227,mm,115.67087234461431,47.23823943902277,200.061,-179.945,-0.097,0.0
execution_mm,228,mm,116.63132916166596,47.51575140173822,200.061,-179.945,-0.097,0.0
execution_mm,229,mm,117.59127162047632,47.79470112804967,200.061,-179.945,-0.097,0.0
execution_mm,230,mm,118.55071600072682,48.075025201541045,200.061,-179.945,-0.097,0.0
execution_mm,231,mm,119.50992131833215,48.355860981572164,200.061,-179.945,-0.097,0.0
execution_mm,232,mm,120.46937575232893,48.63557972868456,200.061,-179.945,-0.097,0.0
execution_mm,233,mm,121.429690922752,48.9121283218884,200.061,-179.945,-0.097,0.0
execution_mm,234,mm,122.3914300150856,49.18360247205091,200.061,-179.945,-0.097,0.0
execution_mm,235,mm,123.35492666842228,49.448865203723216,200.061,-179.945,-0.097,0.0
execution_mm,236,mm,124.32015310616882,49.7080071517734,200.061,-179.945,-0.097,0.0
execution_mm,237,mm,125.28666870892106,49.96252511659924,200.061,-179.945,-0.097,0.0
execution_mm,238,mm,126.25364318689566,50.21521669472341,200.061,-179.945,-0.097,0.0
execution_mm,239,mm,127.21992479344789,50.469878807211636,200.061,-179.945,-0.097,0.0
execution_mm,240,mm,128.18412527087486,50.730916015740185,200.061,-179.945,-0.097,0.0
execution_mm,241,mm,129.14471436806622,51.00292068479153,200.061,-179.945,-0.097,0.0
execution_mm,242,mm,130.10014154313558,51.290224978927675,200.061,-179.945,-0.097,0.0
execution_mm,243,mm,131.04901282136643,51.5963913415187,200.061,-179.945,-0.097,0.0
execution_mm,244,mm,131.99033501936515,51.92363066292419,200.061,-179.945,-0.097,0.0
execution_mm,245,mm,132.92379853131558,52.272211870711274,200.061,-179.945,-0.097,0.0
execution_mm,246,mm,133.8500207061968,52.640016222464325,200.061,-179.945,-0.097,0.0
execution_mm,247,mm,134.77064426225732,53.02243550675591,200.061,-179.945,-0.097,0.0
execution_mm,248,mm,135.68820645654964,53.412764975345645,200.061,-179.945,-0.097,0.0
execution_mm,249,mm,135.8585435923436,53.51018462443899,200.061,-179.945,-0.097,0.0
projected_tcp_mm,0,mm,-124.60537665775789,81.09510889133438,200.061,-179.945,-0.097,-0.26848881905721805
projected_tcp_mm,1,mm,-125.6053739226241,81.09442821468274,200.061,-179.945,-0.097,-0.2684888190571747
projected_tcp_mm,2,mm,-126.58600703090559,81.104601150535,200.061,-179.945,-0.097,-0.2291633242090171
projected_tcp_mm,3,mm,-127.56746277813563,81.11367168477608,200.061,-179.945,-0.097,-0.19149522260671537
projected_tcp_mm,4,mm,-128.54974189820265,81.12169508768834,200.061,-179.945,-0.097,-0.1554885258544294
projected_tcp_mm,5,mm,-129.53284539808172,81.1287268391907,200.061,-179.945,-0.097,-0.12114754688535218
projected_tcp_mm,6,mm,-130.51677442258364,81.1348227043532,200.061,-179.945,-0.097,-0.08847663723434737
projected_tcp_mm,7,mm,-131.5015300616492,81.140038808789,200.061,-179.945,-0.097,-0.05747980717772127
projected_tcp_mm,8,mm,-132.4871132156326,81.14443166111954,200.061,-179.945,-0.097,-0.028160463565157105
projected_tcp_mm,9,mm,-133.47352458449524,81.1480581135604,200.061,-179.945,-0.097,-0.000521399774881949
projected_tcp_mm,10,mm,-134.46076474399553,81.15097529692726,200.061,-179.945,-0.097,0.025435036965217435
projected_tcp_mm,11,mm,-135.44883422883976,81.15324056814295,200.061,-179.945,-0.097,0.04970676363897765
projected_tcp_mm,12,mm,-136.4377335825812,81.15491148034472,200.061,-179.945,-0.097,0.07229184681442938
projected_tcp_mm,13,mm,-137.42746338129663,81.15604576744937,200.061,-179.945,-0.097,0.09318844115737968
projected_tcp_mm,14,mm,-138.41802424093166,81.15670133630978,200.061,-179.945,-0.097,0.11239476103506485
projected_tcp_mm,15,mm,-139.4094168062412,81.15693626327224,200.061,-179.945,-0.097,0.12990908945350835
projected_tcp_mm,16,mm,-140.40164172792916,81.15680879079775,200.061,-179.945,-0.097,0.1457298109118658
projected_tcp_mm,17,mm,-141.39469964457794,81.1563773210615,200.061,-179.945,-0.097,0.15985543441286565
projected_tcp_mm,18,mm,-142.38859116976192,81.15570040754255,200.061,-179.945,-0.097,0.1722846058298189
projected_tcp_mm,19,mm,-143.38331686472583,81.1548367450244,200.061,-179.945,-0.097,0.18301614954735618
projected_tcp_mm,20,mm,-144.37887719075928,81.1538451545408,200.061,-179.945,-0.097,0.1920491513238446
projected_tcp_mm,21,mm,-145.37527246926572,81.15278456190414,200.061,-179.945,-0.097,0.19938302540187502
projected_tcp_mm,22,mm,-146.37250288112912,81.15171397588009,200.061,-179.945,-0.097,0.20501750158983065
projected_tcp_mm,23,mm,-147.37056850009407,81.1506924734149,200.061,-179.945,-0.097,0.2089525430963856
projected_tcp_mm,24,mm,-148.36946932324835,81.14977919134478,200.061,-179.945,-0.097,0.21118827024537806
projected_tcp_mm,25,mm,-149.3692052737643,81.14903331785474,200.061,-179.945,-0.097,0.21172494062114106
projected_tcp_mm,26,mm,-150.3697761847185,81.14851408028885,200.061,-179.945,-0.097,0.21056296770214133
projected_tcp_mm,27,mm,-151.37118178335,81.14828073143894,200.061,-179.945,-0.097,0.20770293860389424
projected_tcp_mm,28,mm,-152.3734216772415,81.14839253492079,200.061,-179.945,-0.097,0.2031456279300419
projected_tcp_mm,29,mm,-153.3764953328547,81.14890874631115,200.061,-179.945,-0.097,0.1968920272093605
projected_tcp_mm,30,mm,-154.38040205203333,81.14988859078353,200.061,-179.945,-0.097,0.18894337851627488
projected_tcp_mm,31,mm,-155.38514096792233,81.15139124666945,200.061,-179.945,-0.097,0.17930116866021326
projected_tcp_mm,32,mm,-156.39071106973617,81.15347584377218,200.061,-179.945,-0.097,0.16796706475658116
projected_tcp_mm,33,mm,-157.39711123931855,81.15620147354362,200.061,-179.945,-0.097,0.15494282586853986
projected_tcp_mm,34,mm,-158.40434027469144,81.15962719958911,200.061,-179.945,-0.097,0.14023024115653748
projected_tcp_mm,35,mm,-159.41239688810452,81.16381205818062,200.061,-179.945,-0.097,0.12383111995496146
projected_tcp_mm,36,mm,-160.42127966600228,81.16881503523437,200.061,-179.945,-0.097,0.10574735943730143
projected_tcp_mm,37,mm,-161.43098694622773,81.17469498128582,200.061,-179.945,-0.097,0.08598118099045673
projected_tcp_mm,38,mm,-162.44151649190215,81.18151036056125,200.061,-179.945,-0.097,0.06453578125704505
projected_tcp_mm,39,mm,-163.45286461516085,81.18931853011577,200.061,-179.945,-0.097,0.041417105630526654
projected_tcp_mm,40,mm,-164.4650237655442,81.19817365535658,200.061,-179.945,-0.097,0.016638755567265184
projected_tcp_mm,41,mm,-165.4779762949071,81.20812104590725,200.061,-179.945,-0.097,-0.00976529505713375
projected_tcp_mm,42,mm,-166.49168033403612,81.21918358345646,200.061,-179.945,-0.097,-0.037711856881725715
projected_tcp_mm,43,mm,-167.5060426284236,81.23133388920866,200.061,-179.945,-0.097,-0.06701298085634749
projected_tcp_mm,44,mm,-168.52087507019263,81.24444629460828,200.061,-179.945,-0.097,-0.09728694240729593
projected_tcp_mm,45,mm,-169.53583896744996,81.2582288839385,200.061,-179.945,-0.097,-0.12784386493766345
projected_tcp_mm,46,mm,-170.5503938356177,81.27214972452103,200.061,-179.945,-0.097,-0.15758019279816385
projected_tcp_mm,47,mm,-171.563780380664,81.28538923805053,200.061,-179.945,-0.097,-0.18494281713695188
projected_tcp_mm,48,mm,-172.57506990687173,81.2968612674866,200.061,-179.945,-0.097,-0.2080293218667377
projected_tcp_mm,49,mm,-173.5832951208474,81.30533457244545,200.061,-179.945,-0.097,-0.22485580531907404
projected_tcp_mm,50,mm,-174.58764145575626,81.30964879122891,200.061,-179.945,-0.097,-0.23375008440003678
projected_tcp_mm,51,mm,-174.18626513685948,80.75585716925734,200.061,-179.945,-0.097,0.7528217781014002
projected_tcp_mm,52,mm,-173.775629895251,80.20758090230711,200.061,-179.945,-0.097,1.739393640602837
projected_tcp_mm,53,mm,-173.35580659255143,79.66497507973307,200.061,-179.945,-0.097,2.7259655031042738
projected_tcp_mm,54,mm,-172.92686869349112,79.12819398694549,200.061,-179.945,-0.097,3.712537365605711
projected_tcp_mm,55,mm,-172.48889225925197,78.59739106162044,200.061,-179.945,-0.097,4.699109228107147
projected_tcp_mm,56,mm,-172.0419559400701,78.07271884990055,200.061,-179.945,-0.097,5.685681090608584
projected_tcp_mm,57,mm,-171.58614096709832,77.5543289625991,200.061,-179.945,-0.097,6.6722529531100205
projected_tcp_mm,58,mm,-171.12153114352537,77.04237203141984,200.061,-179.945,-0.097,7.6588248156114584
projected_tcp_mm,59,mm,-170.64821283495104,76.5369976652051,200.061,-179.945,-0.097,8.645396678112894
projected_tcp_mm,60,mm,-170.16627495901437,76.03835440622493,200.061,-179.945,-0.097,9.63196854061433
projected_tcp_mm,61,mm,-169.58906070771633,75.55814348517204,200.061,-179.945,-0.097,10.623311511310352
projected_tcp_mm,62,mm,-169.00383777989163,75.08794097074242,200.061,-179.945,-0.097,11.61465448200637
projected_tcp_mm,63,mm,-168.41077963525527,74.62788024424167,200.061,-179.945,-0.097,12.605997452702391
projected_tcp_mm,64,mm,-167.81006195167433,74.17809168201082,200.061,-179.945,-0.097,13.59734042339841
projected_tcp_mm,65,mm,-167.2018625731336,73.73870261859625,200.061,-179.945,-0.097,14.588683394094431
projected_tcp_mm,66,mm,-166.5863614570911,73.30983731082047,200.061,-179.945,-0.097,15.58002636479045
projected_tcp_mm,67,mm,-165.9637406212385,72.89161690276337,200.061,-179.945,-0.097,16.571369335486473
projected_tcp_mm,68,mm,-165.3341840896825,72.48415939166446,200.061,-179.945,-0.097,17.562712306182494
projected_tcp_mm,69,mm,-164.69787783856316,72.08757959475459,200.061,-179.945,-0.097,18.554055276878515
projected_tcp_mm,70,mm,-164.05500974112448,71.70198911702776,200.061,-179.945,-0.097,19.545398247574532
projected_tcp_mm,71,mm,-163.4057695122547,71.32749631996083,200.061,-179.945,-0.097,20.536741218270553
projected_tcp_mm,72,mm,-162.75034865251166,70.96420629119062,200.061,-179.945,-0.097,21.528084188966574
projected_tcp_mm,73,mm,-162.08894039165003,70.61222081515645,200.061,-179.945,-0.097,22.51942715966259
projected_tcp_mm,74,mm,-161.42173963166746,70.27163834471665,200.061,-179.945,-0.097,23.510770130358615
projected_tcp_mm,75,mm,-160.7489428893857,69.94255397374636,200.061,-179.945,-0.097,24.502113101054633
projected_tcp_mm,76,mm,-160.0707482385842,69.62505941072472,200.061,-179.945,-0.097,25.493456071750654
projected_tcp_mm,77,mm,-159.38735525170318,69.31924295331854,200.061,-179.945,-0.097,26.484799042446674
projected_tcp_mm,78,mm,-158.69896494113272,69.02518946396947,200.061,-179.945,-0.097,27.47614201314269
projected_tcp_mm,79,mm,-158.00577970010593,68.74298034649115,200.061,-179.945,-0.097,28.467484983838716
projected_tcp_mm,80,mm,-157.30800324321334,68.47269352368335,200.061,-179.945,-0.097,29.458827954534733
projected_tcp_mm,81,mm,-156.6058405465552,68.21440341596838,200.061,-179.945,-0.097,30.45017092523075
projected_tcp_mm,82,mm,-155.89949778755096,67.96818092105626,200.061,-179.945,-0.097,31.441513895926775
projected_tcp_mm,83,mm,-155.18918228442152,67.73409339464399,200.061,-179.945,-0.097,32.43285686662279
projected_tcp_mm,84,mm,-154.47510243536388,67.51220463215373,200.061,-179.945,-0.097,33.42419983731882
projected_tcp_mm,85,mm,-153.75746765743472,67.30257485151532,200.061,-179.945,-0.097,34.415542808014834
projected_tcp_mm,86,mm,-153.03648832516157,67.10526067699756,200.061,-179.945,-0.097,35.40688577871085
projected_tcp_mm,87,mm,-152.31237570889922,66.92031512409226,200.061,-179.945,-0.097,36.398228749406876
projected_tcp_mm,88,mm,-151.58534191294925,66.74778758545538,200.061,-179.945,-0.097,37.38957172010289
projected_tcp_mm,89,mm,-150.85559981346177,66.58772381790891,200.061,-179.945,-0.097,38.38091469079892
projected_tcp_mm,90,mm,-150.12336299613597,66.44016593050648,200.061,-179.945,-0.097,39.372257661494935
projected_tcp_mm,91,mm,-149.38884569373903,66.30515237366627,200.061,-179.945,-0.097,40.36360063219095
projected_tcp_mm,92,mm,-148.6522627234612,66.18271792937351,200.061,-179.945,-0.097,41.354943602886976
projected_tcp_mm,93,mm,-147.91382942412514,66.07289370245523,200.061,-179.945,-0.097,42.346286573582994
projected_tcp_mm,94,mm,-147.17376159326827,65.9757071129293,200.061,-179.945,-0.097,43.33762954427902
projected_tcp_mm,95,mm,-146.43227542411597,65.89118188942957,200.061,-179.945,-0.097,44.32897251497503
projected_tcp_mm,96,mm,-145.68958744246498,65.8193380637086,200.061,-179.945,-0.097,45.32031548567105
projected_tcp_mm,97,mm,-144.945914443494,65.76019196621891,200.061,-179.945,-0.097,46.31165845636707
projected_tcp_mm,98,mm,-144.20147342852113,65.71375622277421,200.061,-179.945,-0.097,47.303001427063094
projected_tcp_mm,99,mm,-143.45648154172648,65.68003975229037,200.061,-179.945,-0.097,48.29434439775912
projected_tcp_mm,100,mm,-142.71115600685735,65.65904776560694,200.061,-179.945,-0.097,49.285687368455136
projected_tcp_mm,101,mm,-141.96571406393568,65.65078176538881,200.061,-179.945,-0.097,50.27703033915115
projected_tcp_mm,102,mm,-141.22037290598544,65.6552395471078,200.061,-179.945,-0.097,51.26837330984717
projected_tcp_mm,103,mm,-140.47534961579856,65.67241520110325,200.061,-179.945,-0.097,52.259716280543195
projected_tcp_mm,104,mm,-139.73086110275818,65.7022991157208,200.061,-179.945,-0.097,53.25105925123921
projected_tcp_mm,105,mm,-138.98712403973656,65.74487798152784,200.061,-179.945,-0.097,54.24240222193524
projected_tcp_mm,106,mm,-138.24435480008748,65.800134796604,200.061,-179.945,-0.097,55.233745192631254
projected_tcp_mm,107,mm,-137.5027693947498,65.86804887290478,200.061,-179.945,-0.097,56.22508816332727
projected_tcp_mm,108,mm,-136.76258340948203,65.948595843696,200.061,-179.945,-0.097,57.216431134023296
projected_tcp_mm,109,mm,-136.0240119422449,66.04174767205639,200.061,-179.945,-0.097,58.20777410471931
projected_tcp_mm,110,mm,-135.28726954075066,66.14747266044544,200.061,-179.945,-0.097,59.19911707541534
projected_tcp_mm,111,mm,-134.55257014019716,66.26573546133363,200.061,-179.945,-0.097,60.190460046111355
projected_tcp_mm,112,mm,-133.82012700120492,66.39649708889074,200.061,-179.945,-0.097,61.18180301680737
projected_tcp_mm,113,mm,-133.0901526479746,66.53971493172928,200.061,-179.945,-0.097,62.173145987503396
projected_tcp_mm,114,mm,-132.36285880668373,66.69534276669845,200.061,-179.945,-0.097,63.164488958199414
projected_tcp_mm,115,mm,-131.63845634413929,66.863330773724,200.061,-179.945,-0.097,64.15583192889544
projected_tcp_mm,116,mm,-130.9171552067053,67.0436255516899,200.061,-179.945,-0.097,65.14717489959146
projected_tcp_mm,117,mm,-130.19916435952194,67.23617013535592,200.061,-179.945,-0.097,66.13851787028747
projected_tcp_mm,118,mm,-129.4846917260342,67.44090401330674,200.061,-179.945,-0.097,67.1298608409835
projected_tcp_mm,119,mm,-128.7739441278481,67.65776314692603,200.061,-179.945,-0.097,68.12120381167952
projected_tcp_mm,120,mm,-128.06712722493037,67.8866799903901,200.061,-179.945,-0.097,69.11254678237555
projected_tcp_mm,121,mm,-127.3644454561708,68.12758351167493,200.061,-179.945,-0.097,70.10388975307156
projected_tcp_mm,122,mm,-126.66610198032272,68.38039921456965,200.061,-179.945,-0.097,71.09523272376758
projected_tcp_mm,123,mm,-125.97229861733966,68.64504916168995,200.061,-179.945,-0.097,72.0865756944636
projected_tcp_mm,124,mm,-125.28323579012473,68.92145199848446,200.061,-179.945,-0.097,73.07791866515961
projected_tcp_mm,125,mm,-124.59911246670946,69.20952297822623,200.061,-179.945,-0.097,74.06926163585565
projected_tcp_mm,126,mm,-123.92012610287921,69.50917398798215,200.061,-179.945,-0.097,75.06060460655166
projected_tcp_mm,127,mm,-123.24647258526086,69.8203135755519,200.061,-179.945,-0.097,76.05194757724767
projected_tcp_mm,128,mm,-122.57834617488996,70.14284697736876,200.061,-179.945,-0.097,77.04329054794371
projected_tcp_mm,129,mm,-121.91593945127325,70.47667614735303,200.061,-179.945,-0.097,78.03463351863972
projected_tcp_mm,130,mm,-121.2594432569623,70.82169978671,200.061,-179.945,-0.097,79.02597648933573
projected_tcp_mm,131,mm,-120.60904664265493,71.17781337466303,200.061,-179.945,-0.097,80.01731946003177
projected_tcp_mm,132,mm,-119.96493681283957,71.54490920011227,200.061,-179.945,-0.097,81.00866243072778
projected_tcp_mm,133,mm,-119.32729907199831,71.92287639421005,200.061,-179.945,-0.097,82.0000054014238
projected_tcp_mm,134,mm,-118.69631677138426,72.31160096384231,200.061,-179.945,-0.097,82.99134837211982
projected_tcp_mm,135,mm,-118.07217125638815,72.71096582600654,200.061,-179.945,-0.097,83.98269134281584
projected_tcp_mm,136,mm,-117.45504181450977,73.12085084307559,200.061,-179.945,-0.097,84.97403431351186
projected_tcp_mm,137,mm,-116.84510562394848,73.54113285893688,200.061,-179.945,-0.097,85.96537728420788
projected_tcp_mm,138,mm,-116.24253770282789,73.97168573599596,200.061,-179.945,-0.097,86.95672025490391
projected_tcp_mm,139,mm,-115.64751085906948,74.41238039303337,200.061,-179.945,-0.097,87.94806322559992
projected_tcp_mm,140,mm,-116.35348385711222,74.63065252901713,200.061,-179.945,-0.097,88.43226716062397
projected_tcp_mm,141,mm,-117.33790982106801,74.64122256257149,200.061,-179.945,-0.097,88.45798675932909
projected_tcp_mm,142,mm,-118.30846608006394,74.66099527981174,200.061,-179.945,-0.097,88.50664167037824
projected_tcp_mm,143,mm,-119.2680974508554,74.68725261005716,200.061,-179.945,-0.097,88.57339712136549
projected_tcp_mm,144,mm,-120.22028496541151,74.71718352713154,200.061,-179.945,-0.097,88.65252773674804
projected_tcp_mm,145,mm,-121.16834795315822,74.74835821319448,200.061,-179.945,-0.097,88.73856143365369
projected_tcp_mm,146,mm,-122.1149730616792,74.7789812050147,200.061,-179.945,-0.097,88.82705691200583
projected_tcp_mm,147,mm,-123.06204265862893,74.80791907104873,200.061,-179.945,-0.097,88.91489201022542
projected_tcp_mm,148,mm,-124.01070402929624,74.8345791288022,200.061,-179.945,-0.097,89.00015518884493
projected_tcp_mm,149,mm,-124.96156009448205,74.85873600638327,200.061,-179.945,-0.097,89.08183444626518
projected_tcp_mm,150,mm,-125.91487396345661,74.88037637712539,200.061,-179.945,-0.097,89.1594811326155
projected_tcp_mm,151,mm,-126.8707274782262,74.89959125554289,200.061,-179.945,-0.097,89.23294830378967
projected_tcp_mm,152,mm,-127.82912003681733,74.91651459859314,200.061,-179.945,-0.097,89.3022271485785
projected_tcp_mm,153,mm,-128.79001992959496,74.93129394469261,200.061,-179.945,-0.097,89.36736179196289
projected_tcp_mm,154,mm,-129.75338689728662,74.94407859294417,200.061,-179.945,-0.097,89.42841173778397
projected_tcp_mm,155,mm,-130.7191806284209,74.95501565051602,200.061,-179.945,-0.097,89.48543763682284
projected_tcp_mm,156,mm,-131.6873635875637,74.96424902866842,200.061,-179.945,-0.097,89.53849647742459
projected_tcp_mm,157,mm,-132.65790190055233,74.97191939461041,200.061,-179.945,-0.097,89.58764001375935
projected_tcp_mm,158,mm,-133.63076564337285,74.9781644120362,200.061,-179.945,-0.097,89.63291419346828
projected_tcp_mm,159,mm,-134.60592894090388,74.98311907785995,200.061,-179.945,-0.097,89.6743589086186
projected_tcp_mm,160,mm,-135.58336993244518,74.98691611121819,200.061,-179.945,-0.097,89.7120079749433
projected_tcp_mm,161,mm,-136.5630705572352,74.98968637941435,200.061,-179.945,-0.097,89.74588941702453
projected_tcp_mm,162,mm,-137.54501618071055,74.99155932636675,200.061,-179.945,-0.097,89.7760260241831
projected_tcp_mm,163,mm,-138.52919519799875,74.99266335993482,200.061,-179.945,-0.097,89.80243594844406
projected_tcp_mm,164,mm,-139.51559875842855,74.99312618109927,200.061,-179.945,-0.097,89.8251331036414
projected_tcp_mm,165,mm,-140.5042206504676,74.99307507279212,200.061,-179.945,-0.097,89.84412729903666
projected_tcp_mm,166,mm,-141.49505730465728,74.99263717663702,200.061,-179.945,-0.097,89.85942417761431
projected_tcp_mm,167,mm,-142.48810787751756,74.99193977766598,200.061,-179.945,-0.097,89.87102502035405
projected_tcp_mm,168,mm,-143.48337439880908,74.99111061045505,200.061,-179.945,-0.097,89.87892644541279
projected_tcp_mm,169,mm,-144.48086193074354,74.99027819470993,200.061,-179.945,-0.097,89.88312008755733
projected_tcp_mm,170,mm,-145.48057865358038,74.98957219497844,200.061,-179.945,-0.097,89.88359240013837
projected_tcp_mm,171,mm,-146.4825358405176,74.98912378753509,200.061,-179.945,-0.097,89.88032464089794
projected_tcp_mm,172,mm,-147.48674778415364,74.98906602453731,200.061,-179.945,-0.097,89.87329293700479
projected_tcp_mm,173,mm,-148.4932317728373,74.98953420462519,200.061,-179.945,-0.097,89.86246826454128
projected_tcp_mm,174,mm,-149.50200814826985,74.99066626555434,200.061,-179.945,-0.097,89.84781628942666
projected_tcp_mm,175,mm,-150.5131003974821,74.9926032026539,200.061,-179.945,-0.097,89.8292971472759
projected_tcp_mm,176,mm,-151.52653523324037,74.99548950771424,200.061,-179.945,-0.097,89.80686523806268
projected_tcp_mm,177,mm,-152.54234266564143,74.99947362794676,200.061,-179.945,-0.097,89.78046903008311
projected_tcp_mm,178,mm,-153.56055607779834,75.00470844865039,200.061,-179.945,-0.097,89.75005085071501
projected_tcp_mm,179,mm,-154.58121227840144,75.01135179182181,200.061,-179.945,-0.097,89.71554670838299
projected_tcp_mm,180,mm,-155.60435144473416,75.01956689462347,200.061,-179.945,-0.097,89.67688628907483
projected_tcp_mm,181,mm,-156.63001663753596,75.0295227171263,200.061,-179.945,-0.097,89.63399365933951
projected_tcp_mm,182,mm,-157.65825168653143,75.04139346809409,200.061,-179.945,-0.097,89.586790685668
projected_tcp_mm,183,mm,-158.68909404368645,75.05535543342077,200.061,-179.945,-0.097,89.53520887213952
projected_tcp_mm,184,mm,-159.72255525251873,75.07157645945502,200.061,-179.945,-0.097,89.47922195519831
projected_tcp_mm,185,mm,-160.75857667057744,75.09018915234111,200.061,-179.945,-0.097,89.41892005779098
projected_tcp_mm,186,mm,-161.7969452377444,75.11123451413414,200.061,-179.945,-0.097,89.35465111566415
projected_tcp_mm,187,mm,-162.83716002395238,75.13456288484903,200.061,-179.945,-0.097,89.28724554322609
projected_tcp_mm,188,mm,-163.87826238881004,75.15969082941821,200.061,-179.945,-0.097,89.21830320002466
projected_tcp_mm,189,mm,-164.91868094231307,75.18564078563782,200.061,-179.945,-0.097,89.150457132097
projected_tcp_mm,190,mm,-165.95618082275573,75.21082848174684,200.061,-179.945,-0.097,89.08746321489782
projected_tcp_mm,191,mm,-166.98801336440437,75.23308839841631,200.061,-179.945,-0.097,89.03395209745887
projected_tcp_mm,192,mm,-168.01130917175863,75.24990906999456,200.061,-179.945,-0.097,88.99476775849143
projected_tcp_mm,193,mm,-169.02365017481105,75.25887362955433,200.061,-179.945,-0.097,88.97399877043203
projected_tcp_mm,194,mm,-170.20053023489953,75.40239078405844,200.061,-179.945,-0.097,88.67576819537571
projected_tcp_mm,195,mm,-169.60831462657194,74.91032992662869,200.061,-179.945,-0.097,89.67001618017001
projected_tcp_mm,196,mm,-169.00769192626794,74.42860961108455,200.061,-179.945,-0.097,90.6642641649643
projected_tcp_mm,197,mm,-168.3988426547608,73.95737343335996,200.061,-179.945,-0.097,91.6585121497586
projected_tcp_mm,198,mm,-167.78194978473175,73.49676183850282,200.061,-179.945,-0.097,92.65276013455289
projected_tcp_mm,199,mm,-167.1571986857824,73.04691207882169,200.061,-179.945,-0.097,93.64700811934719
projected_tcp_mm,200,mm,-166.5247770687339,72.60795817299221,200.061,-179.945,-0.097,94.64125610414148
projected_tcp_mm,201,mm,-165.88487492922786,72.18003086613508,200.061,-179.945,-0.097,95.63550408893578
projected_tcp_mm,202,mm,-165.23768449064733,71.76325759087732,200.061,-179.945,-0.097,96.62975207373007
projected_tcp_mm,203,mm,-164.58340014637392,71.35776242940882,200.061,-179.945,-0.097,97.62400005852437
projected_tcp_mm,204,mm,-163.9222184013995,70.96366607654548,200.061,-179.945,-0.097,98.61824804331866
projected_tcp_mm,205,mm,-163.25433781330887,70.58108580380919,200.061,-179.945,-0.097,99.61249602811296
projected_tcp_mm,206,mm,-162.57995893265203,70.21013542453647,200.061,-179.945,-0.097,100.60674401290726
projected_tcp_mm,207,mm,-161.8992842427236,69.85092526002525,200.061,-179.945,-0.097,101.60099199770154
projected_tcp_mm,208,mm,-161.21251809876728,69.50356210673006,200.061,-179.945,-0.097,102.59523998249584
projected_tcp_mm,209,mm,-160.51986666662393,69.168149204516,200.061,-179.945,-0.097,103.58948796729014
projected_tcp_mm,210,mm,-159.82153786084166,68.84478620597982,200.061,-179.945,-0.097,104.58373595208444
projected_tcp_mm,211,mm,-159.11774128226634,68.53356914684821,200.061,-179.945,-0.097,105.57798393687874
projected_tcp_mm,212,mm,-158.40868815513116,68.23459041746167,200.061,-179.945,-0.097,106.57223192167302
projected_tcp_mm,213,mm,-157.69459126366462,67.94793873535228,200.061,-179.945,-0.097,107.56647990646732
projected_tcp_mm,214,mm,-156.97566488823557,67.67369911892393,200.061,-179.945,-0.097,108.56072789126162
projected_tcp_mm,215,mm,-156.2521247410542,67.41195286224239,200.061,-179.945,-0.097,109.5549758760559
projected_tcp_mm,216,mm,-155.5241879014491,67.16277751094293,200.061,-179.945,-0.097,110.5492238608502
projected_tcp_mm,217,mm,-154.7920727507393,66.92624683926277,200.061,-179.945,-0.097,111.5434718456445
projected_tcp_mm,218,mm,-154.05599890672028,66.70243082820463,200.061,-179.945,-0.097,112.5377198304388
projected_tcp_mm,219,mm,-153.31618715778504,66.49139564483846,200.061,-179.945,-0.097,113.5319678152331
projected_tcp_mm,220,mm,-152.57285939669836,66.29320362274709,200.061,-179.945,-0.097,114.52621580002739
projected_tcp_mm,221,mm,-151.82623855404546,66.10791324362168,200.061,-179.945,-0.097,115.52046378482169
projected_tcp_mm,222,mm,-151.07654853137413,65.93557912001239,200.061,-179.945,-0.097,116.51471176961597
projected_tcp_mm,223,mm,-150.32401413405077,65.77625197923946,200.061,-179.945,-0.097,117.50895975441027
projected_tcp_mm,224,mm,-149.5688610038505,65.62997864846915,200.061,-179.945,-0.097,118.50320773920457
projected_tcp_mm,225,mm,-148.81131555130133,65.49680204095942,200.061,-179.945,-0.097,119.49745572399887
projected_tcp_mm,226,mm,-148.05160488780294,65.3767611434787,200.061,-179.945,-0.097,120.49170370879317
projected_tcp_mm,227,mm,-147.28995675754015,65.26989100490232,200.061,-179.945,-0.097,121.48595169358747
projected_tcp_mm,228,mm,-146.5265994692117,65.17622272598885,200.061,-179.945,-0.097,122.48019967838175
projected_tcp_mm,229,mm,-145.76176182759477,65.09578345034048,200.061,-179.945,-0.097,123.47444766317604
projected_tcp_mm,230,mm,-144.9956730649656,65.02859635654919,200.061,-179.945,-0.097,124.46869564797034
projected_tcp_mm,231,mm,-144.22856277239697,64.97468065153127,200.061,-179.945,-0.097,125.46294363276463
projected_tcp_mm,232,mm,-143.46066083095315,64.93405156505234,200.061,-179.945,-0.097,126.45719161755893
projected_tcp_mm,233,mm,-142.69219734280242,64.906720345444,200.061,-179.945,-0.097,127.45143960235323
projected_tcp_mm,234,mm,-141.92340256226893,64.89269425651355,200.061,-179.945,-0.097,128.44568758714752
projected_tcp_mm,235,mm,-141.1545068268429,64.89197657564777,200.061,-179.945,-0.097,129.43993557194182
projected_tcp_mm,236,mm,-140.38574048817168,64.90456659311086,200.061,-179.945,-0.097,130.4341835567361
projected_tcp_mm,237,mm,-139.61733384305091,64.9304596125369,200.061,-179.945,-0.097,131.4284315415304
projected_tcp_mm,238,mm,-138.84951706443707,64.96964695261666,200.061,-179.945,-0.097,132.42267952632469
projected_tcp_mm,239,mm,-138.08252013250208,65.02211594997797,200.061,-179.945,-0.097,133.41692751111898
projected_tcp_mm,240,mm,-137.31657276575052,65.08784996325898,200.061,-179.945,-0.097,134.41117549591328
projected_tcp_mm,241,mm,-136.5519043522199,65.16682837837251,200.061,-179.945,-0.097,135.40542348070755
projected_tcp_mm,242,mm,-135.78874388078523,65.25902661496053,200.061,-179.945,-0.097,136.39967146550188
projected_tcp_mm,243,mm,-135.02731987258733,65.3644161340361,200.061,-179.945,-0.097,137.39391945029615
projected_tcp_mm,244,mm,-134.26786031260687,65.48296444681085,200.061,-179.945,-0.097,138.38816743509045
projected_tcp_mm,245,mm,-133.5105925814032,65.61463512470486,200.061,-179.945,-0.097,139.38241541988475
projected_tcp_mm,246,mm,-132.75574338703944,65.75938781053647,200.061,-179.945,-0.097,140.37666340467905
projected_tcp_mm,247,mm,-132.0035386972139,65.9171782308877,200.061,-179.945,-0.097,141.37091138947335
projected_tcp_mm,248,mm,-131.25420367161755,66.0879582096426,200.061,-179.945,-0.097,142.36515937426765
projected_tcp_mm,249,mm,-130.50796259453904,66.2716756826931,200.061,-179.945,-0.097,143.35940735906195
projected_tcp_mm,250,mm,-129.7650388077361,66.46827471380915,200.061,-179.945,-0.097,144.35365534385625
projected_tcp_mm,251,mm,-129.02565464359452,66.67769551166748,200.061,-179.945,-0.097,145.34790332865052
projected_tcp_mm,252,mm,-128.29003135859375,66.89987444803391,200.061,-179.945,-0.097,146.34215131344482
projected_tcp_mm,253,mm,-127.55838906710004,67.1347440770941,200.061,-179.945,-0.097,147.33639929823912
projected_tcp_mm,254,mm,-126.83094667550586,67.38223315592631,200.061,-179.945,-0.097,148.33064728303341
projected_tcp_mm,255,mm,-126.1079218167362,67.64226666611042,200.061,-179.945,-0.097,149.3248952678277
projected_tcp_mm,256,mm,-125.38953078514092,67.91476583646632,200.061,-179.945,-0.097,150.319143252622
projected_tcp_mm,257,mm,-124.67598847179252,68.19964816691501,200.061,-179.945,-0.097,151.3133912374163
projected_tcp_mm,258,mm,-123.96750830020912,68.4968274534551,200.061,-179.945,-0.097,152.30763922221058
projected_tcp_mm,259,mm,-123.26430216252132,68.80621381424693,200.061,-179.945,-0.097,153.30188720700488
projected_tcp_mm,260,mm,-122.56658035610263,69.12771371679702,200.061,-179.945,-0.097,154.29613519179918
projected_tcp_mm,261,mm,-121.87455152068183,69.46123000623385,200.061,-179.945,-0.097,155.29038317659348
projected_tcp_mm,262,mm,-121.18842257595651,69.80666193466699,200.061,-179.945,-0.097,156.28463116138778
projected_tcp_mm,263,mm,-120.50839865972635,70.16390519162056,200.061,-179.945,-0.097,157.27887914618208
projected_tcp_mm,264,mm,-119.8346830665643,70.53285193553168,200.061,-179.945,-0.097,158.27312713097638
projected_tcp_mm,265,mm,-119.16747718704448,70.91339082630452,200.061,-179.945,-0.097,159.26737511577068
projected_tcp_mm,266,mm,-118.50698044754475,71.3054070589103,200.061,-179.945,-0.097,160.26162310056498
projected_tcp_mm,267,mm,-117.85339025064187,71.70878239802262,200.061,-179.945,-0.097,161.25587108535927
projected_tcp_mm,268,mm,-117.20690191611705,72.12339521367815,200.061,-179.945,-0.097,162.25011907015354
projected_tcp_mm,269,mm,-116.56770862258978,72.54912051795178,200.061,-179.945,-0.097,163.24436705494784
projected_tcp_mm,270,mm,-115.93600134979728,72.98583000263493,200.061,-179.945,-0.097,164.23861503974214
projected_tcp_mm,271,mm,-115.31196882153617,73.43339207790613,200.061,-179.945,-0.097,165.2328630245364
projected_tcp_mm,272,mm,-114.69579744928484,73.89167191198169,200.061,-179.945,-0.097,166.22711100933074
projected_tcp_mm,273,mm,-114.08767127652179,74.36053147173483,200.061,-179.945,-0.097,167.221358994125
projected_tcp_mm,274,mm,-113.64751782361981,74.83748889608442,200.061,-179.945,-0.097,168.18155760576573
projected_tcp_mm,275,mm,-113.2156370604471,75.31937814988903,200.061,-179.945,-0.097,169.14175621740645
projected_tcp_mm,276,mm,-112.79207060449284,75.80605658702467,200.061,-179.945,-0.097,170.10195482904717
projected_tcp_mm,277,mm,-112.37685762690396,76.29738155254113,200.061,-179.945,-0.097,171.0621534406879
projected_tcp_mm,278,mm,-111.97003486389126,76.79321042440353,200.061,-179.945,-0.097,172.0223520523286
projected_tcp_mm,279,mm,-111.57163662884462,77.29340065484911,200.061,-179.945,-0.097,172.98255066396933
projected_tcp_mm,280,mm,-111.18169482514728,77.79780981134678,200.061,-179.945,-0.097,173.94274927561005
projected_tcp_mm,281,mm,-111.9116814627725,78.05531627157946,200.061,-179.945,-0.097,174.4299842543652
projected_tcp_mm,282,mm,-112.42120377971774,78.52154520771316,200.061,-179.945,-0.097,175.32946328172466
projected_tcp_mm,283,mm,-112.60357521442239,78.82674450954585,200.061,-179.945,-0.097,175.92000310823875
projected_tcp_mm,284,mm,-112.78910552198055,79.12491302119514,200.061,-179.945,-0.097,176.51054293475286
projected_tcp_mm,285,mm,-112.9447530679006,79.45880814887822,200.061,-179.945,-0.097,177.16436160219618
projected_tcp_mm,286,mm,-113.10422914319629,79.78521940463237,200.061,-179.945,-0.097,177.8181802696395
projected_tcp_mm,287,mm,-113.2730402090701,80.11007391837032,200.061,-179.945,-0.097,178.46137145491207
projected_tcp_mm,288,mm,-113.4455149168235,80.42741675675127,200.061,-179.945,-0.097,179.1045626401846
projected_tcp_mm,289,mm,-113.65672121278834,80.7133049130168,200.061,-179.945,-0.097,179.67784900663324
projected_tcp_mm,290,mm,-113.8707989829382,80.9920742776756,200.061,-179.945,-0.097,180.25113537308187
projected_tcp_mm,291,mm,-114.4149593340367,81.44023763761601,200.061,-179.945,-0.097,181.17733625722772
projected_tcp_mm,292,mm,-115.09376608460462,81.7531724189604,200.061,-179.945,-0.097,181.83906339613776
projected_tcp_mm,293,mm,-115.90891975978757,81.92948298984948,200.061,-179.945,-0.097,182.22307794129293
projected_tcp_mm,294,mm,-116.85137570419478,81.98198387141632,200.061,-179.945,-0.097,182.34243658945715
projected_tcp_mm,295,mm,-117.90237843886257,81.93508371729622,200.061,-179.945,-0.097,182.23448711438286
projected_tcp_mm,296,mm,-119.03354466147579,81.82182453979924,200.061,-179.945,-0.097,181.95931308456656
projected_tcp_mm,297,mm,-120.20829997506297,81.67930060802247,200.061,-179.945,-0.097,181.59467251303457
projected_tcp_mm,298,mm,-121.38656236049223,81.54225059821565,200.061,-179.945,-0.097,181.224566792414
projected_tcp_mm,299,mm,-122.5326427813904,81.43636018481857,200.061,-179.945,-0.097,180.92239300743356
projected_tcp_mm,300,mm,-123.6237592468747,81.37379287097548,200.061,-179.945,-0.097,180.73408872586992
projected_tcp_mm,301,mm,-124.6551688711887,81.35280730437593,200.061,-179.945,-0.097,180.66861587465246
projected_tcp_mm,302,mm,-125.63911262914604,81.36148848885222,200.061,-179.945,-0.097,180.7006162054004
projected_tcp_mm,303,mm,-126.59798827291073,81.38385219459173,200.061,-179.945,-0.097,180.78423299547464
projected_tcp_mm,304,mm,-127.5551703530165,81.40578458321042,200.061,-179.945,-0.097,180.87158449918485
projected_tcp_mm,305,mm,-128.5276559290012,81.41869403139322,200.061,-179.945,-0.097,180.92773377489812
projected_tcp_mm,306,mm,-129.52303842084908,81.4200958937875,200.061,-179.945,-0.097,180.93699489535837
projected_tcp_mm,307,mm,-130.54069459807798,81.41186962933425,200.061,-179.945,-0.097,180.90059435836488
projected_tcp_mm,308,mm,-131.57524605855193,81.39773843170781,200.061,-179.945,-0.097,180.8295724327647
projected_tcp_mm,309,mm,-132.62007728493037,81.38129527177314,200.061,-179.945,-0.097,180.73752322352334
projected_tcp_mm,310,mm,-133.66956775933562,81.36508325878252,200.061,-179.945,-0.097,180.635986977626
projected_tcp_mm,311,mm,-134.71982783690373,81.35052796900294,200.061,-179.945,-0.097,180.5329370710281
projected_tcp_mm,312,mm,-135.76843551061705,81.33826029771619,200.061,-179.945,-0.097,180.43332714883763
projected_tcp_mm,313,mm,-136.81380779281102,81.32846678310177,200.061,-179.945,-0.097,180.34038670988338
projected_tcp_mm,314,mm,-137.85464223265583,81.32110969164188,200.061,-179.945,-0.097,180.25676923974018
projected_tcp_mm,315,mm,-138.88961562957388,81.31600926226244,200.061,-179.945,-0.097,180.18517101460665
projected_tcp_mm,316,mm,-139.91736246525537,81.3128449917497,200.061,-179.945,-0.097,180.12837630413756
projected_tcp_mm,317,mm,-140.93666942584554,81.31114221094496,200.061,-179.945,-0.097,180.08886007215858
projected_tcp_mm,318,mm,-141.9467719952437,81.31029288953779,200.061,-179.945,-0.097,180.06818142216002
projected_tcp_mm,319,mm,-142.94761351153497,81.30962844758835,200.061,-179.945,-0.097,180.06645311927264
projected_tcp_mm,320,mm,-143.93994453611276,81.30852764136219,200.061,-179.945,-0.097,180.08213723198935
projected_tcp_mm,321,mm,-144.9252092667678,81.3065194867776,200.061,-179.945,-0.097,180.11227654082705
projected_tcp_mm,322,mm,-145.90525942429844,81.3033418508812,200.061,-179.945,-0.097,180.15307962966529
projected_tcp_mm,323,mm,-146.88200564187582,81.29893897114616,200.061,-179.945,-0.097,180.20063457981837
projected_tcp_mm,324,mm,-147.8571264240551,81.29341008498312,200.061,-179.945,-0.097,180.25150510831634
projected_tcp_mm,325,mm,-148.83190825981183,81.28693892711831,200.061,-179.945,-0.097,180.3030580832053
projected_tcp_mm,326,mm,-149.8072227838109,81.27973283254501,200.061,-179.945,-0.097,180.35351021548567
projected_tcp_mm,327,mm,-150.7835970266973,81.27198629131972,200.061,-179.945,-0.097,180.40178404751998
projected_tcp_mm,328,mm,-151.761318673209,81.26386850973756,200.061,-179.945,-0.097,180.44729230478634
projected_tcp_mm,329,mm,-152.7405326884381,81.25552599283104,200.061,-179.945,-0.097,180.48974001210533
projected_tcp_mm,330,mm,-153.72130989877488,81.24709049666775,200.061,-179.945,-0.097,180.52898408929389
projected_tcp_mm,331,mm,-154.70368706706853,81.23868633986288,200.061,-179.945,-0.097,180.5649513176465
projected_tcp_mm,332,mm,-155.68768663824792,81.23043503407627,200.061,-179.945,-0.097,180.5975979077855
projected_tcp_mm,333,mm,-156.6733250320122,81.22245752171834,200.061,-179.945,-0.097,180.62689249065312
projected_tcp_mm,334,mm,-157.66061562596693,81.21487497406314,200.061,-179.945,-0.097,180.65280996127032
projected_tcp_mm,335,mm,-158.64956964994124,81.20780890479706,200.061,-179.945,-0.097,180.6753295893129
projected_tcp_mm,336,mm,-159.64019636035968,81.20138100205423,200.061,-179.945,-0.097,180.69443459903476
projected_tcp_mm,337,mm,-160.63250301627835,81.19571286630094,200.061,-179.945,-0.097,180.7101121535239
projected_tcp_mm,338,mm,-161.6264948289302,81.19092572971063,200.061,-179.945,-0.097,180.72235339308725
projected_tcp_mm,339,mm,-162.62217481184592,81.1871400987808,200.061,-179.945,-0.097,180.73115367683621
projected_tcp_mm,340,mm,-163.61954314422783,81.18447500665806,200.061,-179.945,-0.097,180.7365138169856
projected_tcp_mm,341,mm,-164.61859512491895,81.18304604239397,200.061,-179.945,-0.097,180.73844418592336
projected_tcp_mm,342,mm,-165.61931583405186,81.18296030062547,200.061,-179.945,-0.097,180.7369755337603
projected_tcp_mm,343,mm,-166.62166828390266,81.18430477040889,200.061,-179.945,-0.097,180.73218308088926
projected_tcp_mm,344,mm,-167.62557100601907,81.18712311594474,200.061,-179.945,-0.097,180.7242321661479
projected_tcp_mm,345,mm,-168.63086259886362,81.19137623223938,200.061,-179.945,-0.097,180.71345054755187
projected_tcp_mm,346,mm,-169.63725677177814,81.19688712810753,200.061,-179.945,-0.097,180.70042023444753
projected_tcp_mm,347,mm,-170.64430176734018,81.20328196401339,200.061,-179.945,-0.097,180.6860606335731
projected_tcp_mm,348,mm,-171.651368233156,81.20995324052598,200.061,-179.945,-0.097,180.67165390492843
projected_tcp_mm,349,mm,-172.6576912083571,81.2160790814361,200.061,-179.945,-0.097,180.6587599397866
projected_tcp_mm,350,mm,-173.66247758302734,81.22072325478014,200.061,-179.945,-0.097,180.64899735018838
projected_tcp_mm,351,mm,-174.6650615784363,81.22301024376775,200.061,-179.945,-0.097,180.64372573294443
projected_tcp_mm,352,mm,-174.19300614551804,80.66425356802084,200.061,-179.945,-0.097,181.63388150612747
projected_tcp_mm,353,mm,-173.71156557789308,80.11341935489331,200.061,-179.945,-0.097,182.62403727931053
projected_tcp_mm,354,mm,-173.22087265031715,79.57066519308057,200.061,-179.945,-0.097,183.61419305249356
projected_tcp_mm,355,mm,-172.72106278286208,79.03614644941702,200.061,-179.945,-0.097,184.60434882567662
projected_tcp_mm,356,mm,-172.2122740037952,78.51001622448452,200.061,-179.945,-0.097,185.59450459885966
projected_tcp_mm,357,mm,-171.6946469117135,77.99242530884014,200.061,-179.945,-0.097,186.58466037204272
projected_tcp_mm,358,mm,-171.16832463694416,77.48352213987523,200.061,-179.945,-0.097,187.57481614522575
projected_tcp_mm,359,mm,-170.63345280222038,76.9834527593187,200.061,-179.945,-0.097,188.56497191840882
projected_tcp_mm,360,mm,-170.09017948264434,76.492360771396,200.061,-179.945,-0.097,189.55512769159185
projected_tcp_mm,361,mm,-169.5386551649484,76.01038730165652,200.061,-179.945,-0.097,190.5452834647749
projected_tcp_mm,362,mm,-168.97903270606412,75.5376709564805,200.061,-179.945,-0.097,191.53543923795795
projected_tcp_mm,363,mm,-168.41146729101263,75.07434778327747,200.061,-179.945,-0.097,192.525595011141
projected_tcp_mm,364,mm,-167.83611639012574,74.62055123138745,200.061,-179.945,-0.097,193.51575078432404
projected_tcp_mm,365,mm,-167.25313971561124,74.17641211369626,200.061,-179.945,-0.097,194.50590655750707
projected_tcp_mm,366,mm,-166.66269917747303,73.74205856897592,200.061,-179.945,-0.097,195.49606233069014
projected_tcp_mm,367,mm,-166.06495883879873,73.31761602496064,200.061,-179.945,-0.097,196.48621810387317
projected_tcp_mm,368,mm,-165.4600848704275,72.90320716216982,200.061,-179.945,-0.097,197.47637387705623
projected_tcp_mm,369,mm,-164.84824550500898,72.49895187848755,200.061,-179.945,-0.097,198.46652965023927
projected_tcp_mm,370,mm,-164.22961099046796,72.10496725450939,200.061,-179.945,-0.097,199.45668542342233
projected_tcp_mm,371,mm,-163.60435354288606,71.72136751966654,200.061,-179.945,-0.097,200.44684119660536
projected_tcp_mm,372,mm,-162.97264729881388,71.34826401913661,200.061,-179.945,-0.097,201.43699696978842
projected_tcp_mm,373,mm,-162.334668267027,70.98576518155096,200.061,-179.945,-0.097,202.42715274297146
projected_tcp_mm,374,mm,-161.69059427973883,70.6339764875082,200.061,-179.945,-0.097,203.41730851615452
projected_tcp_mm,375,mm,-161.04060494328363,70.2930004389025,200.061,-179.945,-0.097,204.40746428933755
projected_tcp_mm,376,mm,-160.3848815882835,69.96293652907565,200.061,-179.945,-0.097,205.39762006252062
projected_tcp_mm,377,mm,-159.72360721931344,69.64388121380213,200.061,-179.945,-0.097,206.38777583570365
projected_tcp_mm,378,mm,-159.05696646407728,69.33592788311499,200.061,-179.945,-0.097,207.37793160888668
projected_tcp_mm,379,mm,-158.38514552210995,69.03916683398101,200.061,-179.945,-0.097,208.36808738206975
projected_tcp_mm,380,mm,-157.708332113019,68.7536852438333,200.061,-179.945,-0.097,209.35824315525278
projected_tcp_mm,381,mm,-157.0267154242804,68.47956714496878,200.061,-179.945,-0.097,210.34839892843584
projected_tcp_mm,382,mm,-156.34048605860312,68.21689339981839,200.061,-179.945,-0.097,211.33855470161888
projected_tcp_mm,383,mm,-155.6498359808762,67.96574167709691,200.061,-179.945,-0.097,212.32871047480194
projected_tcp_mm,384,mm,-154.95495846471417,67.72618642883987,200.061,-179.945,-0.097,213.31886624798497
projected_tcp_mm,385,mm,-154.25604803861495,67.498298868334,200.061,-179.945,-0.097,214.30902202116803
projected_tcp_mm,386,mm,-153.54179661081932,67.29693805063076,200.061,-179.945,-0.097,215.30056724188802
projected_tcp_mm,387,mm,-152.82442020822722,67.10777018225104,200.061,-179.945,-0.097,216.29211246260797
projected_tcp_mm,388,mm,-152.1041268453043,66.93084317310085,200.061,-179.945,-0.097,217.28365768332796
projected_tcp_mm,389,mm,-151.38112525982882,66.76620138661578,200.061,-179.945,-0.097,218.27520290404794
projected_tcp_mm,390,mm,-150.6556248524677,66.61388562905744,200.061,-179.945,-0.097,219.26674812476793
projected_tcp_mm,391,mm,-149.92783562619894,66.47393313983859,200.061,-179.945,-0.097,220.2582933454879
projected_tcp_mm,392,mm,-149.19796812559682,66.34637758287916,200.061,-179.945,-0.097,221.24983856620787
projected_tcp_mm,393,mm,-148.46623337599857,66.23124903899499,200.061,-179.945,-0.097,222.24138378692786
projected_tcp_mm,394,mm,-147.73284282256898,66.1285739993209,200.061,-179.945,-0.097,223.23292900764784
projected_tcp_mm,395,mm,-146.99800826928146,66.03837535976929,200.061,-179.945,-0.097,224.2244742283678
projected_tcp_mm,396,mm,-146.26194181783228,65.96067241652513,200.061,-179.945,-0.097,225.21601944908778
projected_tcp_mm,397,mm,-145.5248558065062,65.89548086257801,200.061,-179.945,-0.097,226.20756466980777
projected_tcp_mm,398,mm,-144.78696274901105,65.84281278529187,200.061,-179.945,-0.097,227.19910989052775
projected_tcp_mm,399,mm,-144.0484752732984,65.80267666501199,200.061,-179.945,-0.097,228.19065511124774
projected_tcp_mm,400,mm,-143.30960606038812,65.77507737470931,200.061,-179.945,-0.097,229.1822003319677
projected_tcp_mm,401,mm,-142.5705677832149,65.76001618066155,200.061,-179.945,-0.097,230.17374555268768
projected_tcp_mm,402,mm,-141.8315730455135,65.75749074416998,200.061,-179.945,-0.097,231.16529077340766
projected_tcp_mm,403,mm,-141.09283432076055,65.76749512431117,200.061,-179.945,-0.097,232.15683599412762
projected_tcp_mm,404,mm,-140.3545638911908,65.79001978172178,200.061,-179.945,-0.097,233.1483812148476
projected_tcp_mm,405,mm,-139.61697378690474,65.82505158341498,200.061,-179.945,-0.097,234.1399264355676
projected_tcp_mm,406,mm,-138.88027572508514,65.87257380862648,200.061,-179.945,-0.097,235.13147165628757
projected_tcp_mm,407,mm,-138.14468104934022,65.93256615568767,200.061,-179.945,-0.097,236.12301687700756
projected_tcp_mm,408,mm,-137.41040066919038,66.00500474992316,200.061,-179.945,-0.097,237.11456209772751
projected_tcp_mm,409,mm,-136.67764499971622,66.08986215257035,200.061,-179.945,-0.097,238.1061073184475
projected_tcp_mm,410,mm,-135.94662390138464,66.18710737071724,200.061,-179.945,-0.097,239.09765253916748
projected_tcp_mm,411,mm,-135.21754662007015,66.29670586825506,200.061,-179.945,-0.097,240.08919775988744
projected_tcp_mm,412,mm,-134.49062172728944,66.41861957784258,200.061,-179.945,-0.097,241.08074298060743
projected_tcp_mm,413,mm,-133.76605706066465,66.55280691387692,200.061,-179.945,-0.097,242.0722882013274
projected_tcp_mm,414,mm,-133.04405966463398,66.69922278646764,200.061,-179.945,-0.097,243.0638334220474
projected_tcp_mm,415,mm,-132.32483573142497,66.85781861640866,200.061,-179.945,-0.097,244.05537864276738
projected_tcp_mm,416,mm,-131.60859054230863,67.02854235114361,200.061,-179.945,-0.097,245.04692386348734
projected_tcp_mm,417,mm,-130.89552840914988,67.21133848171884,200.061,-179.945,-0.097,246.03846908420732
projected_tcp_mm,418,mm,-130.18585261627186,67.40614806071937,200.061,-179.945,-0.097,247.0300143049273
projected_tcp_mm,419,mm,-129.47976536265008,67.61290872118121,200.061,-179.945,-0.097,248.02155952564726
projected_tcp_mm,420,mm,-128.77746770445287,67.8315546964747,200.061,-179.945,-0.097,249.01310474636725
projected_tcp_mm,421,mm,-128.07915949794466,68.06201684115186,200.061,-179.945,-0.097,250.00464996708723
projected_tcp_mm,422,mm,-127.38503934276767,68.30422265275205,200.061,-179.945,-0.097,250.99619518780722
projected_tcp_mm,423,mm,-126.69530452561912,68.55809629455815,200.061,-179.945,-0.097,251.9877404085272
projected_tcp_mm,424,mm,-126.01015096433855,68.82355861929666,200.061,-179.945,-0.097,252.97928562924716
projected_tcp_mm,425,mm,-125.32977315242218,69.10052719377438,200.061,-179.945,-0.097,253.97083084996714
projected_tcp_mm,426,mm,-124.65436410397916,69.38891632444366,200.061,-179.945,-0.097,254.96237607068713
projected_tcp_mm,427,mm,-123.98411529914603,69.68863708388865,200.061,-179.945,-0.097,255.95392129140708
projected_tcp_mm,428,mm,-123.3192166299738,69.99959733822408,200.061,-179.945,-0.097,256.9454665121271
projected_tcp_mm,429,mm,-122.65985634680379,70.32170177539834,200.061,-179.945,-0.097,257.93701173284705
projected_tcp_mm,430,mm,-122.00622100514695,70.6548519343922,200.061,-179.945,-0.097,258.928556953567
projected_tcp_mm,431,mm,-121.35849541308122,70.99894623530393,200.061,-179.945,-0.097,259.920102174287
projected_tcp_mm,432,mm,-120.71686257918252,71.35388001031197,200.061,-179.945,-0.097,260.911647395007
projected_tcp_mm,433,mm,-120.0815036610033,71.71954553550556,200.061,-179.945,-0.097,261.903192615727
projected_tcp_mm,434,mm,-119.45259791411331,72.09583206357361,200.061,-179.945,-0.097,262.89473783644695
projected_tcp_mm,435,mm,-118.83032264171698,72.48262585734214,200.061,-179.945,-0.097,263.8862830571669
projected_tcp_mm,436,mm,-118.2148531448614,72.87981022414964,200.061,-179.945,-0.097,264.8778282778869
projected_tcp_mm,437,mm,-117.60636267324881,73.28726555105051,200.061,-179.945,-0.097,265.8693734986069
projected_tcp_mm,438,mm,-117.00502237666734,73.70486934083571,200.061,-179.945,-0.097,266.86091871932683
projected_tcp_mm,439,mm,-116.41100125705361,74.13249624885967,200.061,-179.945,-0.097,267.85246394004685
projected_tcp_mm,440,mm,-117.44039934889267,74.11094401945086,200.061,-179.945,-0.097,267.80459789376147
projected_tcp_mm,441,mm,-118.43432806390398,74.1143968473103,200.061,-179.945,-0.097,267.814477587014
projected_tcp_mm,442,mm,-119.42153137802381,74.1220702792144,200.061,-179.945,-0.097,267.8353058242755
projected_tcp_mm,443,mm,-120.40087337260373,74.13430233987836,200.061,-179.945,-0.097,267.86893852444706
projected_tcp_mm,444,mm,-121.37101305078261,74.15146641952015,200.061,-179.945,-0.097,267.9175722301188
projected_tcp_mm,445,mm,-122.33067741023146,74.17379639092155,200.061,-179.945,-0.097,267.9833017512581
projected_tcp_mm,446,mm,-123.27884855769524,74.20129570688063,200.061,-179.945,-0.097,268.067816747136
projected_tcp_mm,447,mm,-124.21483456122962,74.23373073574949,200.061,-179.945,-0.097,268.1722861615844
projected_tcp_mm,448,mm,-125.13824471996523,74.27067881881197,200.061,-179.945,-0.097,268.29739709037995
projected_tcp_mm,449,mm,-126.0489151220726,74.31159467662425,200.061,-179.945,-0.097,268.4434739967397
projected_tcp_mm,450,mm,-126.94682752471287,74.35586904468028,200.061,-179.945,-0.097,268.6106087335873
projected_tcp_mm,451,mm,-127.83204666107073,74.40286873190554,200.061,-179.945,-0.097,268.7987607342213
projected_tcp_mm,452,mm,-128.70468383709482,74.45195829566113,200.061,-179.945,-0.097,269.0078145506678
projected_tcp_mm,453,mm,-129.56488922913593,74.50250661155407,200.061,-179.945,-0.097,269.23759059442096
projected_tcp_mm,454,mm,-130.4128877484905,74.55387744175657,200.061,-179.945,-0.097,269.48778425291783
projected_tcp_mm,455,mm,-131.24910641949802,74.60539458811358,200.061,-179.945,-0.097,269.7577536204889
projected_tcp_mm,456,mm,-132.074489571022,74.65626502230349,200.061,-179.945,-0.097,270.0459952020218
projected_tcp_mm,457,mm,-132.8911328843287,74.70544831738587,200.061,-179.945,-0.097,270.34908758998245
projected_tcp_mm,458,mm,-133.70332143513582,74.7514922859312,200.061,-179.945,-0.097,270.6599571493019
projected_tcp_mm,459,mm,-134.51884603788923,74.79241868817222,200.061,-179.945,-0.097,270.96567016885535
projected_tcp_mm,460,mm,-135.35008254387068,74.82581456233032,200.061,-179.945,-0.097,271.24561098370543
projected_tcp_mm,461,mm,-136.2139238099711,74.84929772160653,200.061,-179.945,-0.097,271.4715778762992
projected_tcp_mm,462,mm,-137.12962465822562,74.86139655855918,200.061,-179.945,-0.097,271.61138828511747
projected_tcp_mm,463,mm,-138.11429642241177,74.86259054143032,200.061,-179.945,-0.097,271.6364412812995
projected_tcp_mm,464,mm,-139.17709634692915,74.85593099899339,200.061,-179.945,-0.097,271.5314575729339
projected_tcp_mm,465,mm,-140.31442038346188,74.84660638060208,200.061,-179.945,-0.097,271.30248584515004
projected_tcp_mm,466,mm,-141.50865634046096,74.84029394994693,200.061,-179.945,-0.097,270.97890286727704
projected_tcp_mm,467,mm,-142.73174830184846,74.84098435327813,200.061,-179.945,-0.097,270.6074015833362
projected_tcp_mm,468,mm,-143.95246716595622,74.84949743110151,200.061,-179.945,-0.097,270.23989226515863
projected_tcp_mm,469,mm,-145.14431797365296,74.8635349664367,200.061,-179.945,-0.097,269.92041179990935
projected_tcp_mm,470,mm,-146.29080466464183,74.87907397952749,200.061,-179.945,-0.097,269.6764118957785
projected_tcp_mm,471,mm,-147.38642789149603,74.89210177301638,200.061,-179.945,-0.097,269.51708430749505
projected_tcp_mm,472,mm,-148.43406672174441,74.89973882244833,200.061,-179.945,-0.097,269.4376731943778
projected_tcp_mm,473,mm,-149.440810175606,74.90044297566081,200.061,-179.945,-0.097,269.42638428996116
projected_tcp_mm,474,mm,-150.414281851789,74.89358817171924,200.061,-179.945,-0.097,269.4705009915252
projected_tcp_mm,475,mm,-151.36051515236556,74.8788936367566,200.061,-179.945,-0.097,269.5599305796796
projected_tcp_mm,476,mm,-152.28336065055993,74.85602126524023,200.061,-179.945,-0.097,269.6881961592667
projected_tcp_mm,477,mm,-153.1848227754283,74.8244162107047,200.061,-179.945,-0.097,269.8518744469173
projected_tcp_mm,478,mm,-154.06569016478977,74.78331518640506,200.061,-179.945,-0.097,270.04954066911216
projected_tcp_mm,479,mm,-154.9260794673769,74.73181818317785,200.061,-179.945,-0.097,270.2808567629658
projected_tcp_mm,480,mm,-155.76577978742827,74.66895800933247,200.061,-179.945,-0.097,270.54599203383077
projected_tcp_mm,481,mm,-156.58443934139981,74.59375015574824,200.061,-179.945,-0.097,270.8453073276696
projected_tcp_mm,482,mm,-157.38168883152593,74.50523847475465,200.061,-179.945,-0.097,271.17914603086683
projected_tcp_mm,483,mm,-158.15730845319817,74.40257418315996,200.061,-179.945,-0.097,271.5475566315786
projected_tcp_mm,484,mm,-158.91155907343816,74.28518739900693,200.061,-179.945,-0.097,271.949753327246
projected_tcp_mm,485,mm,-159.64580744810388,74.15312867199496,200.061,-179.945,-0.097,272.38311270553254
projected_tcp_mm,486,mm,-160.3635300659714,74.0076465669648,200.061,-179.945,-0.097,272.841587030597
projected_tcp_mm,487,mm,-161.07161727270199,73.85198767252335,200.061,-179.945,-0.097,273.3136842197694
projected_tcp_mm,488,mm,-161.78160772280648,73.69224321248295,200.061,-179.945,-0.097,273.78062462680043
projected_tcp_mm,489,mm,-162.51017392882028,73.5378775439865,200.061,-179.945,-0.097,274.2157408117621
projected_tcp_mm,490,mm,-163.27809029322142,73.40148838146291,200.061,-179.945,-0.097,274.5862628303745
projected_tcp_mm,491,mm,-164.10728208782658,73.2974936309844,200.061,-179.945,-0.097,274.8579994578834
projected_tcp_mm,492,mm,-165.01638493846917,73.23982136896481,200.061,-179.945,-0.097,275.002147798387
projected_tcp_mm,493,mm,-164.90022135706283,72.95773274194853,200.061,-179.945,-0.097,275.71306570216905
projected_tcp_mm,494,mm,-164.78064084871582,72.6729719120957,200.061,-179.945,-0.097,276.42398360595104
projected_tcp_mm,495,mm,-164.65755920735728,72.38558087896821,200.061,-179.945,-0.097,277.1349015097331
projected_tcp_mm,496,mm,-164.01978957425834,71.99992371678184,200.061,-179.945,-0.097,278.12877046009334
projected_tcp_mm,497,mm,-163.37563446103314,71.62527674340862,200.061,-179.945,-0.097,279.12263941045364
projected_tcp_mm,498,mm,-162.72528386171044,71.26174547075237,200.061,-179.945,-0.097,280.1165083608139
projected_tcp_mm,499,mm,-162.06892950989706,70.909432133559,200.061,-179.945,-0.097,281.1103773111742
projected_tcp_mm,500,mm,-161.406764822276,70.5684356608057,200.061,-179.945,-0.097,282.10424626153446
projected_tcp_mm,501,mm,-160.7389848416348,70.23885164806434,200.061,-179.945,-0.097,283.09811521189476
projected_tcp_mm,502,mm,-160.06578617944183,69.92077233084557,200.061,-179.945,-0.097,284.091984162255
projected_tcp_mm,503,mm,-159.38736695798644,69.61428655893236,200.061,-179.945,-0.097,285.0858531126153
projected_tcp_mm,504,mm,-158.70392675210113,69.31947977170914,200.061,-179.945,-0.097,286.0797220629756
projected_tcp_mm,505,mm,-158.01566653048167,69.03643397449355,200.061,-179.945,-0.097,287.0735910133359
projected_tcp_mm,506,mm,-157.32278859662324,68.76522771587759,200.061,-179.945,-0.097,288.06745996369614
projected_tcp_mm,507,mm,-156.6254965293899,68.50593606608403,200.061,-179.945,-0.097,289.06132891405645
projected_tcp_mm,508,mm,-155.92399512323416,68.25863059634429,200.061,-179.945,-0.097,290.0551978644167
projected_tcp_mm,509,mm,-155.21849032808515,68.02337935930306,200.061,-179.945,-0.097,291.049066814777
projected_tcp_mm,510,mm,-154.5091891889222,67.8002468704554,200.061,-179.945,-0.097,292.04293576513726
projected_tcp_mm,511,mm,-153.7962997850519,67.58929409062083,200.061,-179.945,-0.097,293.03680471549757
projected_tcp_mm,512,mm,-153.08003116910686,67.39057840945968,200.061,-179.945,-0.097,294.0306736658578
projected_tcp_mm,513,mm,-152.3605933057829,67.20415363003555,200.061,-179.945,-0.097,295.0245426162181
projected_tcp_mm,514,mm,-151.63819701033384,67.03006995442841,200.061,-179.945,-0.097,296.0184115665784
projected_tcp_mm,515,mm,-150.91305388684128,66.8683739704018,200.061,-179.945,-0.097,297.01228051693863
projected_tcp_mm,516,mm,-150.1853762662773,66.71910863912795,200.061,-179.945,-0.097,298.00614946729894
projected_tcp_mm,517,mm,-149.45537714437864,66.5823132839735,200.061,-179.945,-0.097,299.0000184176592
projected_tcp_mm,518,mm,-148.7232701193503,66.45802358034936,200.061,-179.945,-0.097,299.9938873680195
projected_tcp_mm,519,mm,-147.9892693294165,66.34627154662647,200.061,-179.945,-0.097,300.98775631837975
projected_tcp_mm,520,mm,-147.2535893902378,66.24708553612032,200.061,-179.945,-0.097,301.98162526874006
projected_tcp_mm,521,mm,-146.51644533221236,66.16049023014605,200.061,-179.945,-0.097,302.9754942191003
projected_tcp_mm,522,mm,-145.77805253767923,66.08650663214526,200.061,-179.945,-0.097,303.9693631694606
projected_tcp_mm,523,mm,-145.038626678043,66.02515206288652,200.061,-179.945,-0.097,304.9632321198209
projected_tcp_mm,524,mm,-144.2983836508371,65.97644015674017,200.061,-179.945,-0.097,305.9571010701812
projected_tcp_mm,525,mm,-143.5575395167446,65.94038085902797,200.061,-179.945,-0.097,306.95097002054143
projected_tcp_mm,526,mm,-142.8163104365953,65.91698042444847,200.061,-179.945,-0.097,307.94483897090174
projected_tcp_mm,527,mm,-142.07491260835593,65.90624141657749,200.061,-179.945,-0.097,308.938707921262
projected_tcp_mm,528,mm,-141.3335622041343,65.90816270844394,200.061,-179.945,-0.097,309.9325768716223
projected_tcp_mm,529,mm,-140.59247530721277,65.92273948418043,200.061,-179.945,-0.097,310.92644582198255
projected_tcp_mm,530,mm,-139.85186784913202,65.94996324174707,200.061,-179.945,-0.097,311.92031477234286
projected_tcp_mm,531,mm,-139.11195554684178,65.98982179672836,200.061,-179.945,-0.097,312.9141837227031
projected_tcp_mm,532,mm,-138.3729538399373,66.04229928720065,200.061,-179.945,-0.097,313.90805267306337
projected_tcp_mm,533,mm,-137.63507782799994,66.10737617966893,200.061,-179.945,-0.097,314.9019216234237
projected_tcp_mm,534,mm,-136.89854220805975,66.18502927607075,200.061,-179.945,-0.097,315.895790573784
projected_tcp_mm,535,mm,-136.16356121219866,66.27523172184435,200.061,-179.945,-0.097,316.88965952414424
projected_tcp_mm,536,mm,-135.43034854531172,66.37795301505916,200.061,-179.945,-0.097,317.8835284745045
projected_tcp_mm,537,mm,-134.6991173230452,66.49315901660455,200.061,-179.945,-0.097,318.8773974248648
projected_tcp_mm,538,mm,-133.97008000992903,66.62081196143421,200.061,-179.945,-0.097,319.87126637522505
projected_tcp_mm,539,mm,-133.24344835772177,66.7608704708624,200.061,-179.945,-0.097,320.86513532558536
projected_tcp_mm,540,mm,-132.51943334398564,66.91328956590752,200.061,-179.945,-0.097,321.8590042759456
projected_tcp_mm,541,mm,-131.79824511090996,67.07802068167956,200.061,-179.945,-0.097,322.8528732263059
projected_tcp_mm,542,mm,-131.08009290440035,67.25501168280609,200.061,-179.945,-0.097,323.84674217666617
projected_tcp_mm,543,mm,-130.365185013451,67.4442068798924,200.061,-179.945,-0.097,324.8406111270265
projected_tcp_mm,544,mm,-129.65372870981858,67.64554704701057,200.061,-179.945,-0.097,325.83448007738673
projected_tcp_mm,545,mm,-128.94593018801396,67.85896944021141,200.061,-179.945,-0.097,326.82834902774704
projected_tcp_mm,546,mm,-128.2419945056301,68.08440781705434,200.061,-179.945,-0.097,327.8222179781073
projected_tcp_mm,547,mm,-127.54212552402267,68.32179245714869,200.061,-179.945,-0.097,328.8160869284676
projected_tcp_mm,548,mm,-126.84652584936124,68.57105018369985,200.061,-179.945,-0.097,329.80995587882785
projected_tcp_mm,549,mm,-126.15539677406707,68.83210438605407,200.061,-179.945,-0.097,330.80382482918816
projected_tcp_mm,550,mm,-125.46893821865547,69.10487504323474,200.061,-179.945,-0.097,331.7976937795484
projected_tcp_mm,551,mm,-124.78734867399865,69.38927874846289,200.061,-179.945,-0.097,332.7915627299087
projected_tcp_mm,552,mm,-124.11082514402642,69.68522873465446,200.061,-179.945,-0.097,333.78543168026897
projected_tcp_mm,553,mm,-123.43956308888039,69.99263490088663,200.061,-179.945,-0.097,334.7793006306292
projected_tcp_mm,554,mm,-122.77375636853898,70.31140383982485,200.061,-179.945,-0.097,335.77316958098953
projected_tcp_mm,555,mm,-122.11359718692894,70.64143886610267,200.061,-179.945,-0.097,336.76703853134984
projected_tcp_mm,556,mm,-121.45927603653928,70.98264004564533,200.061,-179.945,-0.097,337.7609074817101
projected_tcp_mm,557,mm,-120.81098164355421,71.33490422592834,200.061,-179.945,-0.097,338.75477643207034
projected_tcp_mm,558,mm,-120.16890091352005,71.69812506716222,200.061,-179.945,-0.097,339.74864538243065
projected_tcp_mm,559,mm,-119.53321887756258,72.07219307439325,200.061,-179.945,-0.097,340.7425143327909
projected_tcp_mm,560,mm,-118.96139808545483,72.4602980710723,200.061,-179.945,-0.097,341.70438267775233
projected_tcp_mm,561,mm,-118.39642826286342,72.85710165212586,200.061,-179.945,-0.097,342.6662510227137
projected_tcp_mm,562,mm,-117.8384402317702,73.2624834185038,200.061,-179.945,-0.097,343.62811936767514
projected_tcp_mm,563,mm,-117.28756270665379,73.67632103157536,200.061,-179.945,-0.097,344.5899877126365
projected_tcp_mm,564,mm,-116.74392226625778,74.09849024988779,200.061,-179.945,-0.097,345.55185605759794
projected_tcp_mm,565,mm,-116.20764332599832,74.52886496632588,200.061,-179.945,-0.097,346.5137244025593
projected_tcp_mm,566,mm,-115.67884811101587,74.9673172456611,200.061,-179.945,-0.097,347.47559274752075
projected_tcp_mm,567,mm,-115.15765662987701,75.41371736247977,200.061,-179.945,-0.097,348.4374610924821
projected_tcp_mm,568,mm,-114.64418664893145,75.86793383947837,200.061,-179.945,-0.097,349.39932943744355
projected_tcp_mm,569,mm,-114.1385536673283,76.32983348611543,200.061,-179.945,-0.097,350.36119778240493
projected_tcp_mm,570,mm,-113.64087089269766,76.79928143760789,200.061,-179.945,-0.097,351.32306612736636
projected_tcp_mm,571,mm,-113.15124921750093,77.27614119426117,200.061,-179.945,-0.097,352.28493447232773
projected_tcp_mm,572,mm,-112.66979719605483,77.76027466112106,200.061,-179.945,-0.097,353.24680281728916
projected_tcp_mm,573,mm,-112.19662102223282,78.25154218793631,200.061,-179.945,-0.097,354.20867116225054
projected_tcp_mm,574,mm,-111.73182450784853,78.74980260941983,200.061,-179.945,-0.097,355.17053950721197
projected_tcp_mm,575,mm,-111.2755090617241,79.25491328579763,200.061,-179.945,-0.097,356.13240785217334
projected_tcp_mm,576,mm,-110.82777366944738,79.76673014363305,200.061,-179.945,-0.097,357.0942761971348
projected_tcp_mm,577,mm,-110.38871487382204,80.28510771691518,200.061,-179.945,-0.097,358.05614454209615
projected_tcp_mm,578,mm,-109.95842675601222,80.80989918839967,200.061,-179.945,-0.097,359.0180128870576
projected_tcp_mm,579,mm,-110.95104114186574,80.81736692414583,200.061,-179.945,-0.097,359.03285569584676
projected_tcp_mm,580,mm,-111.93702765300146,80.83166856686265,200.061,-179.945,-0.097,359.0610331008138
projected_tcp_mm,581,mm,-112.91769729435474,80.85100009191733,200.061,-179.945,-0.097,359.0999256040118
projected_tcp_mm,582,mm,-113.89460127879336,80.87345353028265,200.061,-179.945,-0.097,359.14642927238106
projected_tcp_mm,583,mm,-114.86922163145655,80.89734425689082,200.061,-179.945,-0.097,359.1975729903569
projected_tcp_mm,584,mm,-115.84276266088563,80.92139443578542,200.061,-179.945,-0.097,359.25093694819594
projected_tcp_mm,585,mm,-116.8160751718778,80.94476393298096,200.061,-179.945,-0.097,359.3048070018775
projected_tcp_mm,586,mm,-117.78968709123988,80.966977108852,200.061,-179.945,-0.097,359.3581157373661
projected_tcp_mm,587,mm,-118.76388744924088,80.98781026509326,200.061,-179.945,-0.097,359.4102755501416
projected_tcp_mm,588,mm,-119.73881608941775,81.00718828600846,200.061,-179.945,-0.097,359.46099920323957
projected_tcp_mm,589,mm,-120.71453286500366,81.02511178381783,200.061,-179.945,-0.097,359.5101609346476
projected_tcp_mm,590,mm,-121.69106051369874,81.041614999841,200.061,-179.945,-0.097,359.5577101886668
projected_tcp_mm,591,mm,-122.66840677396972,81.05674535868029,200.061,-179.945,-0.097,359.6036270307283
projected_tcp_mm,592,mm,-123.64657404093889,81.07055501043642,200.061,-179.945,-0.097,359.6479026486193
projected_tcp_mm,593,mm,-124.62556300836115,81.0830977898233,200.061,-179.945,-0.097,359.6905319831383
projected_tcp_mm,594,mm,-125.6053739226252,81.09442821468194,200.061,-179.945,-0.097,359.73151118094046
projected_tcp_mm,595,mm,-126.58600703090187,81.10460115053691,200.061,-179.945,-0.097,359.77083667579836
projected_tcp_mm,596,mm,-127.5674627781392,81.11367168477419,200.061,-179.945,-0.097,359.808504777386
projected_tcp_mm,597,mm,-128.54974189820092,81.12169508768922,200.061,-179.945,-0.097,359.8445114741497
projected_tcp_mm,598,mm,-129.532845398083,81.12872683919014,200.061,-179.945,-0.097,359.8788524531123
projected_tcp_mm,599,mm,-130.51677442258557,81.13482270435229,200.061,-179.945,-0.097,359.91152336276167
projected_tcp_mm,600,mm,-131.50153006164985,81.14003880878872,200.061,-179.945,-0.097,359.9425201928216
projected_tcp_mm,601,mm,-132.48711321562791,81.14443166112109,200.061,-179.945,-0.097,359.97183953644475
projected_tcp_mm,602,mm,-133.47352458449575,81.1480581135603,200.061,-179.945,-0.097,359.99947860022445
projected_tcp_mm,603,mm,-134.4607647439927,81.15097529692805,200.061,-179.945,-0.097,360.0254350369711
projected_tcp_mm,604,mm,-134.448852775572,81.15392112039608,200.061,-179.945,-0.097,360.0497058256089
ros_command_mm,0,mm,-124.60537665775789,81.09510889133438,200.061,-179.945,-0.097,-0.26848881905721805
ros_command_mm,1,mm,-125.6053739226241,81.09442821468274,200.061,-179.945,-0.097,-0.2684888190571747
ros_command_mm,2,mm,-126.58600703090559,81.104601150535,200.061,-179.945,-0.097,-0.2291633242090171
ros_command_mm,3,mm,-127.56746277813563,81.11367168477608,200.061,-179.945,-0.097,-0.19149522260671537
ros_command_mm,4,mm,-128.54974189820265,81.12169508768834,200.061,-179.945,-0.097,-0.1554885258544294
ros_command_mm,5,mm,-129.53284539808172,81.1287268391907,200.061,-179.945,-0.097,-0.12114754688535218
ros_command_mm,6,mm,-130.51677442258364,81.1348227043532,200.061,-179.945,-0.097,-0.08847663723434737
ros_command_mm,7,mm,-131.5015300616492,81.140038808789,200.061,-179.945,-0.097,-0.05747980717772127
ros_command_mm,8,mm,-132.4871132156326,81.14443166111954,200.061,-179.945,-0.097,-0.028160463565157105
ros_command_mm,9,mm,-133.47352458449524,81.1480581135604,200.061,-179.945,-0.097,-0.000521399774881949
ros_command_mm,10,mm,-134.46076474399553,81.15097529692726,200.061,-179.945,-0.097,0.025435036965217435
ros_command_mm,11,mm,-135.44883422883976,81.15324056814295,200.061,-179.945,-0.097,0.04970676363897765
ros_command_mm,12,mm,-136.4377335825812,81.15491148034472,200.061,-179.945,-0.097,0.07229184681442938
ros_command_mm,13,mm,-137.42746338129663,81.15604576744937,200.061,-179.945,-0.097,0.09318844115737968
ros_command_mm,14,mm,-138.41802424093166,81.15670133630978,200.061,-179.945,-0.097,0.11239476103506485
ros_command_mm,15,mm,-139.4094168062412,81.15693626327224,200.061,-179.945,-0.097,0.12990908945350835
ros_command_mm,16,mm,-140.40164172792916,81.15680879079775,200.061,-179.945,-0.097,0.1457298109118658
ros_command_mm,17,mm,-141.39469964457794,81.1563773210615,200.061,-179.945,-0.097,0.15985543441286565
ros_command_mm,18,mm,-142.38859116976192,81.15570040754255,200.061,-179.945,-0.097,0.1722846058298189
ros_command_mm,19,mm,-143.38331686472583,81.1548367450244,200.061,-179.945,-0.097,0.18301614954735618
ros_command_mm,20,mm,-144.37887719075928,81.1538451545408,200.061,-179.945,-0.097,0.1920491513238446
ros_command_mm,21,mm,-145.37527246926572,81.15278456190414,200.061,-179.945,-0.097,0.19938302540187502
ros_command_mm,22,mm,-146.37250288112912,81.15171397588009,200.061,-179.945,-0.097,0.20501750158983065
ros_command_mm,23,mm,-147.37056850009407,81.1506924734149,200.061,-179.945,-0.097,0.2089525430963856
ros_command_mm,24,mm,-148.36946932324835,81.14977919134478,200.061,-179.945,-0.097,0.21118827024537806
ros_command_mm,25,mm,-149.3692052737643,81.14903331785474,200.061,-179.945,-0.097,0.21172494062114106
ros_command_mm,26,mm,-150.3697761847185,81.14851408028885,200.061,-179.945,-0.097,0.21056296770214133
ros_command_mm,27,mm,-151.37118178335,81.14828073143894,200.061,-179.945,-0.097,0.20770293860389424
ros_command_mm,28,mm,-152.3734216772415,81.14839253492079,200.061,-179.945,-0.097,0.2031456279300419
ros_command_mm,29,mm,-153.3764953328547,81.14890874631115,200.061,-179.945,-0.097,0.1968920272093605
ros_command_mm,30,mm,-154.38040205203333,81.14988859078353,200.061,-179.945,-0.097,0.18894337851627488
ros_command_mm,31,mm,-155.38514096792233,81.15139124666945,200.061,-179.945,-0.097,0.17930116866021326
ros_command_mm,32,mm,-156.39071106973617,81.15347584377218,200.061,-179.945,-0.097,0.16796706475658116
ros_command_mm,33,mm,-157.39711123931855,81.15620147354362,200.061,-179.945,-0.097,0.15494282586853986
ros_command_mm,34,mm,-158.40434027469144,81.15962719958911,200.061,-179.945,-0.097,0.14023024115653748
ros_command_mm,35,mm,-159.41239688810452,81.16381205818062,200.061,-179.945,-0.097,0.12383111995496146
ros_command_mm,36,mm,-160.42127966600228,81.16881503523437,200.061,-179.945,-0.097,0.10574735943730143
ros_command_mm,37,mm,-161.43098694622773,81.17469498128582,200.061,-179.945,-0.097,0.08598118099045673
ros_command_mm,38,mm,-162.44151649190215,81.18151036056125,200.061,-179.945,-0.097,0.06453578125704505
ros_command_mm,39,mm,-163.45286461516085,81.18931853011577,200.061,-179.945,-0.097,0.041417105630526654
ros_command_mm,40,mm,-164.4650237655442,81.19817365535658,200.061,-179.945,-0.097,0.016638755567265184
ros_command_mm,41,mm,-165.4779762949071,81.20812104590725,200.061,-179.945,-0.097,-0.00976529505713375
ros_command_mm,42,mm,-166.49168033403612,81.21918358345646,200.061,-179.945,-0.097,-0.037711856881725715
ros_command_mm,43,mm,-167.5060426284236,81.23133388920866,200.061,-179.945,-0.097,-0.06701298085634749
ros_command_mm,44,mm,-168.52087507019263,81.24444629460828,200.061,-179.945,-0.097,-0.09728694240729593
ros_command_mm,45,mm,-169.53583896744996,81.2582288839385,200.061,-179.945,-0.097,-0.12784386493766345
ros_command_mm,46,mm,-170.5503938356177,81.27214972452103,200.061,-179.945,-0.097,-0.15758019279816385
ros_command_mm,47,mm,-171.563780380664,81.28538923805053,200.061,-179.945,-0.097,-0.18494281713695188
ros_command_mm,48,mm,-172.57506990687173,81.2968612674866,200.061,-179.945,-0.097,-0.2080293218667377
ros_command_mm,49,mm,-173.5832951208474,81.30533457244545,200.061,-179.945,-0.097,-0.22485580531907404
ros_command_mm,50,mm,-174.58764145575626,81.30964879122891,200.061,-179.945,-0.097,-0.23375008440003678
ros_command_mm,51,mm,-174.18626513685948,80.75585716925734,200.061,-179.945,-0.097,0.7528217781014002
ros_command_mm,52,mm,-173.775629895251,80.20758090230711,200.061,-179.945,-0.097,1.739393640602837
ros_command_mm,53,mm,-173.35580659255143,79.66497507973307,200.061,-179.945,-0.097,2.7259655031042738
ros_command_mm,54,mm,-172.92686869349112,79.12819398694549,200.061,-179.945,-0.097,3.712537365605711
ros_command_mm,55,mm,-172.48889225925197,78.59739106162044,200.061,-179.945,-0.097,4.699109228107147
ros_command_mm,56,mm,-172.0419559400701,78.07271884990055,200.061,-179.945,-0.097,5.685681090608584
ros_command_mm,57,mm,-171.58614096709832,77.5543289625991,200.061,-179.945,-0.097,6.6722529531100205
ros_command_mm,58,mm,-171.12153114352537,77.04237203141984,200.061,-179.945,-0.097,7.6588248156114584
ros_command_mm,59,mm,-170.64821283495104,76.5369976652051,200.061,-179.945,-0.097,8.645396678112894
ros_command_mm,60,mm,-170.16627495901437,76.03835440622493,200.061,-179.945,-0.097,9.63196854061433
ros_command_mm,61,mm,-169.58906070771633,75.55814348517204,200.061,-179.945,-0.097,10.623311511310352
ros_command_mm,62,mm,-169.00383777989163,75.08794097074242,200.061,-179.945,-0.097,11.61465448200637
ros_command_mm,63,mm,-168.41077963525527,74.62788024424167,200.061,-179.945,-0.097,12.605997452702391
ros_command_mm,64,mm,-167.81006195167433,74.17809168201082,200.061,-179.945,-0.097,13.59734042339841
ros_command_mm,65,mm,-167.2018625731336,73.73870261859625,200.061,-179.945,-0.097,14.588683394094431
ros_command_mm,66,mm,-166.5863614570911,73.30983731082047,200.061,-179.945,-0.097,15.58002636479045
ros_command_mm,67,mm,-165.9637406212385,72.89161690276337,200.061,-179.945,-0.097,16.571369335486473
ros_command_mm,68,mm,-165.3341840896825,72.48415939166446,200.061,-179.945,-0.097,17.562712306182494
ros_command_mm,69,mm,-164.69787783856316,72.08757959475459,200.061,-179.945,-0.097,18.554055276878515
ros_command_mm,70,mm,-164.05500974112448,71.70198911702776,200.061,-179.945,-0.097,19.545398247574532
ros_command_mm,71,mm,-163.4057695122547,71.32749631996083,200.061,-179.945,-0.097,20.536741218270553
ros_command_mm,72,mm,-162.75034865251166,70.96420629119062,200.061,-179.945,-0.097,21.528084188966574
ros_command_mm,73,mm,-162.08894039165003,70.61222081515645,200.061,-179.945,-0.097,22.51942715966259
ros_command_mm,74,mm,-161.42173963166746,70.27163834471665,200.061,-179.945,-0.097,23.510770130358615
ros_command_mm,75,mm,-160.7489428893857,69.94255397374636,200.061,-179.945,-0.097,24.502113101054633
ros_command_mm,76,mm,-160.0707482385842,69.62505941072472,200.061,-179.945,-0.097,25.493456071750654
ros_command_mm,77,mm,-159.38735525170318,69.31924295331854,200.061,-179.945,-0.097,26.484799042446674
ros_command_mm,78,mm,-158.69896494113272,69.02518946396947,200.061,-179.945,-0.097,27.47614201314269
ros_command_mm,79,mm,-158.00577970010593,68.74298034649115,200.061,-179.945,-0.097,28.467484983838716
ros_command_mm,80,mm,-157.30800324321334,68.47269352368335,200.061,-179.945,-0.097,29.458827954534733
ros_command_mm,81,mm,-156.6058405465552,68.21440341596838,200.061,-179.945,-0.097,30.45017092523075
ros_command_mm,82,mm,-155.89949778755096,67.96818092105626,200.061,-179.945,-0.097,31.441513895926775
ros_command_mm,83,mm,-155.18918228442152,67.73409339464399,200.061,-179.945,-0.097,32.43285686662279
ros_command_mm,84,mm,-154.47510243536388,67.51220463215373,200.061,-179.945,-0.097,33.42419983731882
ros_command_mm,85,mm,-153.75746765743472,67.30257485151532,200.061,-179.945,-0.097,34.415542808014834
ros_command_mm,86,mm,-153.03648832516157,67.10526067699756,200.061,-179.945,-0.097,35.40688577871085
ros_command_mm,87,mm,-152.31237570889922,66.92031512409226,200.061,-179.945,-0.097,36.398228749406876
ros_command_mm,88,mm,-151.58534191294925,66.74778758545538,200.061,-179.945,-0.097,37.38957172010289
ros_command_mm,89,mm,-150.85559981346177,66.58772381790891,200.061,-179.945,-0.097,38.38091469079892
ros_command_mm,90,mm,-150.12336299613597,66.44016593050648,200.061,-179.945,-0.097,39.372257661494935
ros_command_mm,91,mm,-149.38884569373903,66.30515237366627,200.061,-179.945,-0.097,40.36360063219095
ros_command_mm,92,mm,-148.6522627234612,66.18271792937351,200.061,-179.945,-0.097,41.354943602886976
ros_command_mm,93,mm,-147.91382942412514,66.07289370245523,200.061,-179.945,-0.097,42.346286573582994
ros_command_mm,94,mm,-147.17376159326827,65.9757071129293,200.061,-179.945,-0.097,43.33762954427902
ros_command_mm,95,mm,-146.43227542411597,65.89118188942957,200.061,-179.945,-0.097,44.32897251497503
ros_command_mm,96,mm,-145.68958744246498,65.8193380637086,200.061,-179.945,-0.097,45.32031548567105
ros_command_mm,97,mm,-144.945914443494,65.76019196621891,200.061,-179.945,-0.097,46.31165845636707
ros_command_mm,98,mm,-144.20147342852113,65.71375622277421,200.061,-179.945,-0.097,47.303001427063094
ros_command_mm,99,mm,-143.45648154172648,65.68003975229037,200.061,-179.945,-0.097,48.29434439775912
ros_command_mm,100,mm,-142.71115600685735,65.65904776560694,200.061,-179.945,-0.097,49.285687368455136
ros_command_mm,101,mm,-141.96571406393568,65.65078176538881,200.061,-179.945,-0.097,50.27703033915115
ros_command_mm,102,mm,-141.22037290598544,65.6552395471078,200.061,-179.945,-0.097,51.26837330984717
ros_command_mm,103,mm,-140.47534961579856,65.67241520110325,200.061,-179.945,-0.097,52.259716280543195
ros_command_mm,104,mm,-139.73086110275818,65.7022991157208,200.061,-179.945,-0.097,53.25105925123921
ros_command_mm,105,mm,-138.98712403973656,65.74487798152784,200.061,-179.945,-0.097,54.24240222193524
ros_command_mm,106,mm,-138.24435480008748,65.800134796604,200.061,-179.945,-0.097,55.233745192631254
ros_command_mm,107,mm,-137.5027693947498,65.86804887290478,200.061,-179.945,-0.097,56.22508816332727
ros_command_mm,108,mm,-136.76258340948203,65.948595843696,200.061,-179.945,-0.097,57.216431134023296
ros_command_mm,109,mm,-136.0240119422449,66.04174767205639,200.061,-179.945,-0.097,58.20777410471931
ros_command_mm,110,mm,-135.28726954075066,66.14747266044544,200.061,-179.945,-0.097,59.19911707541534
ros_command_mm,111,mm,-134.55257014019716,66.26573546133363,200.061,-179.945,-0.097,60.190460046111355
ros_command_mm,112,mm,-133.82012700120492,66.39649708889074,200.061,-179.945,-0.097,61.18180301680737
ros_command_mm,113,mm,-133.0901526479746,66.53971493172928,200.061,-179.945,-0.097,62.173145987503396
ros_command_mm,114,mm,-132.36285880668373,66.69534276669845,200.061,-179.945,-0.097,63.164488958199414
ros_command_mm,115,mm,-131.63845634413929,66.863330773724,200.061,-179.945,-0.097,64.15583192889544
ros_command_mm,116,mm,-130.9171552067053,67.0436255516899,200.061,-179.945,-0.097,65.14717489959146
ros_command_mm,117,mm,-130.19916435952194,67.23617013535592,200.061,-179.945,-0.097,66.13851787028747
ros_command_mm,118,mm,-129.4846917260342,67.44090401330674,200.061,-179.945,-0.097,67.1298608409835
ros_command_mm,119,mm,-128.7739441278481,67.65776314692603,200.061,-179.945,-0.097,68.12120381167952
ros_command_mm,120,mm,-128.06712722493037,67.8866799903901,200.061,-179.945,-0.097,69.11254678237555
ros_command_mm,121,mm,-127.3644454561708,68.12758351167493,200.061,-179.945,-0.097,70.10388975307156
ros_command_mm,122,mm,-126.66610198032272,68.38039921456965,200.061,-179.945,-0.097,71.09523272376758
ros_command_mm,123,mm,-125.97229861733966,68.64504916168995,200.061,-179.945,-0.097,72.0865756944636
ros_command_mm,124,mm,-125.28323579012473,68.92145199848446,200.061,-179.945,-0.097,73.07791866515961
ros_command_mm,125,mm,-124.59911246670946,69.20952297822623,200.061,-179.945,-0.097,74.06926163585565
ros_command_mm,126,mm,-123.92012610287921,69.50917398798215,200.061,-179.945,-0.097,75.06060460655166
ros_command_mm,127,mm,-123.24647258526086,69.8203135755519,200.061,-179.945,-0.097,76.05194757724767
ros_command_mm,128,mm,-122.57834617488996,70.14284697736876,200.061,-179.945,-0.097,77.04329054794371
ros_command_mm,129,mm,-121.91593945127325,70.47667614735303,200.061,-179.945,-0.097,78.03463351863972
ros_command_mm,130,mm,-121.2594432569623,70.82169978671,200.061,-179.945,-0.097,79.02597648933573
ros_command_mm,131,mm,-120.60904664265493,71.17781337466303,200.061,-179.945,-0.097,80.01731946003177
ros_command_mm,132,mm,-119.96493681283957,71.54490920011227,200.061,-179.945,-0.097,81.00866243072778
ros_command_mm,133,mm,-119.32729907199831,71.92287639421005,200.061,-179.945,-0.097,82.0000054014238
ros_command_mm,134,mm,-118.69631677138426,72.31160096384231,200.061,-179.945,-0.097,82.99134837211982
ros_command_mm,135,mm,-118.07217125638815,72.71096582600654,200.061,-179.945,-0.097,83.98269134281584
ros_command_mm,136,mm,-117.45504181450977,73.12085084307559,200.061,-179.945,-0.097,84.97403431351186
ros_command_mm,137,mm,-116.84510562394848,73.54113285893688,200.061,-179.945,-0.097,85.96537728420788
ros_command_mm,138,mm,-116.24253770282789,73.97168573599596,200.061,-179.945,-0.097,86.95672025490391
ros_command_mm,139,mm,-115.64751085906948,74.41238039303337,200.061,-179.945,-0.097,87.94806322559992
ros_command_mm,140,mm,-116.35348385711222,74.63065252901713,200.061,-179.945,-0.097,88.43226716062397
ros_command_mm,141,mm,-117.33790982106801,74.64122256257149,200.061,-179.945,-0.097,88.45798675932909
ros_command_mm,142,mm,-118.30846608006394,74.66099527981174,200.061,-179.945,-0.097,88.50664167037824
ros_command_mm,143,mm,-119.2680974508554,74.68725261005716,200.061,-179.945,-0.097,88.57339712136549
ros_command_mm,144,mm,-120.22028496541151,74.71718352713154,200.061,-179.945,-0.097,88.65252773674804
ros_command_mm,145,mm,-121.16834795315822,74.74835821319448,200.061,-179.945,-0.097,88.73856143365369
ros_command_mm,146,mm,-122.1149730616792,74.7789812050147,200.061,-179.945,-0.097,88.82705691200583
ros_command_mm,147,mm,-123.06204265862893,74.80791907104873,200.061,-179.945,-0.097,88.91489201022542
ros_command_mm,148,mm,-124.01070402929624,74.8345791288022,200.061,-179.945,-0.097,89.00015518884493
ros_command_mm,149,mm,-124.96156009448205,74.85873600638327,200.061,-179.945,-0.097,89.08183444626518
ros_command_mm,150,mm,-125.91487396345661,74.88037637712539,200.061,-179.945,-0.097,89.1594811326155
ros_command_mm,151,mm,-126.8707274782262,74.89959125554289,200.061,-179.945,-0.097,89.23294830378967
ros_command_mm,152,mm,-127.82912003681733,74.91651459859314,200.061,-179.945,-0.097,89.3022271485785
ros_command_mm,153,mm,-128.79001992959496,74.93129394469261,200.061,-179.945,-0.097,89.36736179196289
ros_command_mm,154,mm,-129.75338689728662,74.94407859294417,200.061,-179.945,-0.097,89.42841173778397
ros_command_mm,155,mm,-130.7191806284209,74.95501565051602,200.061,-179.945,-0.097,89.48543763682284
ros_command_mm,156,mm,-131.6873635875637,74.96424902866842,200.061,-179.945,-0.097,89.53849647742459
ros_command_mm,157,mm,-132.65790190055233,74.97191939461041,200.061,-179.945,-0.097,89.58764001375935
ros_command_mm,158,mm,-133.63076564337285,74.9781644120362,200.061,-179.945,-0.097,89.63291419346828
ros_command_mm,159,mm,-134.60592894090388,74.98311907785995,200.061,-179.945,-0.097,89.6743589086186
ros_command_mm,160,mm,-135.58336993244518,74.98691611121819,200.061,-179.945,-0.097,89.7120079749433
ros_command_mm,161,mm,-136.5630705572352,74.98968637941435,200.061,-179.945,-0.097,89.74588941702453
ros_command_mm,162,mm,-137.54501618071055,74.99155932636675,200.061,-179.945,-0.097,89.7760260241831
ros_command_mm,163,mm,-138.52919519799875,74.99266335993482,200.061,-179.945,-0.097,89.80243594844406
ros_command_mm,164,mm,-139.51559875842855,74.99312618109927,200.061,-179.945,-0.097,89.8251331036414
ros_command_mm,165,mm,-140.5042206504676,74.99307507279212,200.061,-179.945,-0.097,89.84412729903666
ros_command_mm,166,mm,-141.49505730465728,74.99263717663702,200.061,-179.945,-0.097,89.85942417761431
ros_command_mm,167,mm,-142.48810787751756,74.99193977766598,200.061,-179.945,-0.097,89.87102502035405
ros_command_mm,168,mm,-143.48337439880908,74.99111061045505,200.061,-179.945,-0.097,89.87892644541279
ros_command_mm,169,mm,-144.48086193074354,74.99027819470993,200.061,-179.945,-0.097,89.88312008755733
ros_command_mm,170,mm,-145.48057865358038,74.98957219497844,200.061,-179.945,-0.097,89.88359240013837
ros_command_mm,171,mm,-146.4825358405176,74.98912378753509,200.061,-179.945,-0.097,89.88032464089794
ros_command_mm,172,mm,-147.48674778415364,74.98906602453731,200.061,-179.945,-0.097,89.87329293700479
ros_command_mm,173,mm,-148.4932317728373,74.98953420462519,200.061,-179.945,-0.097,89.86246826454128
ros_command_mm,174,mm,-149.50200814826985,74.99066626555434,200.061,-179.945,-0.097,89.84781628942666
ros_command_mm,175,mm,-150.5131003974821,74.9926032026539,200.061,-179.945,-0.097,89.8292971472759
ros_command_mm,176,mm,-151.52653523324037,74.99548950771424,200.061,-179.945,-0.097,89.80686523806268
ros_command_mm,177,mm,-152.54234266564143,74.99947362794676,200.061,-179.945,-0.097,89.78046903008311
ros_command_mm,178,mm,-153.56055607779834,75.00470844865039,200.061,-179.945,-0.097,89.75005085071501
ros_command_mm,179,mm,-154.58121227840144,75.01135179182181,200.061,-179.945,-0.097,89.71554670838299
ros_command_mm,180,mm,-155.60435144473416,75.01956689462347,200.061,-179.945,-0.097,89.67688628907483
ros_command_mm,181,mm,-156.63001663753596,75.0295227171263,200.061,-179.945,-0.097,89.63399365933951
ros_command_mm,182,mm,-157.65825168653143,75.04139346809409,200.061,-179.945,-0.097,89.586790685668
ros_command_mm,183,mm,-158.68909404368645,75.05535543342077,200.061,-179.945,-0.097,89.53520887213952
ros_command_mm,184,mm,-159.72255525251873,75.07157645945502,200.061,-179.945,-0.097,89.47922195519831
ros_command_mm,185,mm,-160.75857667057744,75.09018915234111,200.061,-179.945,-0.097,89.41892005779098
ros_command_mm,186,mm,-161.7969452377444,75.11123451413414,200.061,-179.945,-0.097,89.35465111566415
ros_command_mm,187,mm,-162.83716002395238,75.13456288484903,200.061,-179.945,-0.097,89.28724554322609
ros_command_mm,188,mm,-163.87826238881004,75.15969082941821,200.061,-179.945,-0.097,89.21830320002466
ros_command_mm,189,mm,-164.91868094231307,75.18564078563782,200.061,-179.945,-0.097,89.150457132097
ros_command_mm,190,mm,-165.95618082275573,75.21082848174684,200.061,-179.945,-0.097,89.08746321489782
ros_command_mm,191,mm,-166.98801336440437,75.23308839841631,200.061,-179.945,-0.097,89.03395209745887
ros_command_mm,192,mm,-168.01130917175863,75.24990906999456,200.061,-179.945,-0.097,88.99476775849143
ros_command_mm,193,mm,-169.02365017481105,75.25887362955433,200.061,-179.945,-0.097,88.97399877043203
ros_command_mm,194,mm,-170.20053023489953,75.40239078405844,200.061,-179.945,-0.097,88.67576819537571
ros_command_mm,195,mm,-169.60831462657194,74.91032992662869,200.061,-179.945,-0.097,89.67001618017001
ros_command_mm,196,mm,-169.00769192626794,74.42860961108455,200.061,-179.945,-0.097,90.6642641649643
ros_command_mm,197,mm,-168.3988426547608,73.95737343335996,200.061,-179.945,-0.097,91.6585121497586
ros_command_mm,198,mm,-167.78194978473175,73.49676183850282,200.061,-179.945,-0.097,92.65276013455289
ros_command_mm,199,mm,-167.1571986857824,73.04691207882169,200.061,-179.945,-0.097,93.64700811934719
ros_command_mm,200,mm,-166.5247770687339,72.60795817299221,200.061,-179.945,-0.097,94.64125610414148
ros_command_mm,201,mm,-165.88487492922786,72.18003086613508,200.061,-179.945,-0.097,95.63550408893578
ros_command_mm,202,mm,-165.23768449064733,71.76325759087732,200.061,-179.945,-0.097,96.62975207373007
ros_command_mm,203,mm,-164.58340014637392,71.35776242940882,200.061,-179.945,-0.097,97.62400005852437
ros_command_mm,204,mm,-163.9222184013995,70.96366607654548,200.061,-179.945,-0.097,98.61824804331866
ros_command_mm,205,mm,-163.25433781330887,70.58108580380919,200.061,-179.945,-0.097,99.61249602811296
ros_command_mm,206,mm,-162.57995893265203,70.21013542453647,200.061,-179.945,-0.097,100.60674401290726
ros_command_mm,207,mm,-161.8992842427236,69.85092526002525,200.061,-179.945,-0.097,101.60099199770154
ros_command_mm,208,mm,-161.21251809876728,69.50356210673006,200.061,-179.945,-0.097,102.59523998249584
ros_command_mm,209,mm,-160.51986666662393,69.168149204516,200.061,-179.945,-0.097,103.58948796729014
ros_command_mm,210,mm,-159.82153786084166,68.84478620597982,200.061,-179.945,-0.097,104.58373595208444
ros_command_mm,211,mm,-159.11774128226634,68.53356914684821,200.061,-179.945,-0.097,105.57798393687874
ros_command_mm,212,mm,-158.40868815513116,68.23459041746167,200.061,-179.945,-0.097,106.57223192167302
ros_command_mm,213,mm,-157.69459126366462,67.94793873535228,200.061,-179.945,-0.097,107.56647990646732
ros_command_mm,214,mm,-156.97566488823557,67.67369911892393,200.061,-179.945,-0.097,108.56072789126162
ros_command_mm,215,mm,-156.2521247410542,67.41195286224239,200.061,-179.945,-0.097,109.5549758760559
ros_command_mm,216,mm,-155.5241879014491,67.16277751094293,200.061,-179.945,-0.097,110.5492238608502
ros_command_mm,217,mm,-154.7920727507393,66.92624683926277,200.061,-179.945,-0.097,111.5434718456445
ros_command_mm,218,mm,-154.05599890672028,66.70243082820463,200.061,-179.945,-0.097,112.5377198304388
ros_command_mm,219,mm,-153.31618715778504,66.49139564483846,200.061,-179.945,-0.097,113.5319678152331
ros_command_mm,220,mm,-152.57285939669836,66.29320362274709,200.061,-179.945,-0.097,114.52621580002739
ros_command_mm,221,mm,-151.82623855404546,66.10791324362168,200.061,-179.945,-0.097,115.52046378482169
ros_command_mm,222,mm,-151.07654853137413,65.93557912001239,200.061,-179.945,-0.097,116.51471176961597
ros_command_mm,223,mm,-150.32401413405077,65.77625197923946,200.061,-179.945,-0.097,117.50895975441027
ros_command_mm,224,mm,-149.5688610038505,65.62997864846915,200.061,-179.945,-0.097,118.50320773920457
ros_command_mm,225,mm,-148.81131555130133,65.49680204095942,200.061,-179.945,-0.097,119.49745572399887
ros_command_mm,226,mm,-148.05160488780294,65.3767611434787,200.061,-179.945,-0.097,120.49170370879317
ros_command_mm,227,mm,-147.28995675754015,65.26989100490232,200.061,-179.945,-0.097,121.48595169358747
ros_command_mm,228,mm,-146.5265994692117,65.17622272598885,200.061,-179.945,-0.097,122.48019967838175
ros_command_mm,229,mm,-145.76176182759477,65.09578345034048,200.061,-179.945,-0.097,123.47444766317604
ros_command_mm,230,mm,-144.9956730649656,65.02859635654919,200.061,-179.945,-0.097,124.46869564797034
ros_command_mm,231,mm,-144.22856277239697,64.97468065153127,200.061,-179.945,-0.097,125.46294363276463
ros_command_mm,232,mm,-143.46066083095315,64.93405156505234,200.061,-179.945,-0.097,126.45719161755893
ros_command_mm,233,mm,-142.69219734280242,64.906720345444,200.061,-179.945,-0.097,127.45143960235323
ros_command_mm,234,mm,-141.92340256226893,64.89269425651355,200.061,-179.945,-0.097,128.44568758714752
ros_command_mm,235,mm,-141.1545068268429,64.89197657564777,200.061,-179.945,-0.097,129.43993557194182
ros_command_mm,236,mm,-140.38574048817168,64.90456659311086,200.061,-179.945,-0.097,130.4341835567361
ros_command_mm,237,mm,-139.61733384305091,64.9304596125369,200.061,-179.945,-0.097,131.4284315415304
ros_command_mm,238,mm,-138.84951706443707,64.96964695261666,200.061,-179.945,-0.097,132.42267952632469
ros_command_mm,239,mm,-138.08252013250208,65.02211594997797,200.061,-179.945,-0.097,133.41692751111898
ros_command_mm,240,mm,-137.31657276575052,65.08784996325898,200.061,-179.945,-0.097,134.41117549591328
ros_command_mm,241,mm,-136.5519043522199,65.16682837837251,200.061,-179.945,-0.097,135.40542348070755
ros_command_mm,242,mm,-135.78874388078523,65.25902661496053,200.061,-179.945,-0.097,136.39967146550188
ros_command_mm,243,mm,-135.02731987258733,65.3644161340361,200.061,-179.945,-0.097,137.39391945029615
ros_command_mm,244,mm,-134.26786031260687,65.48296444681085,200.061,-179.945,-0.097,138.38816743509045
ros_command_mm,245,mm,-133.5105925814032,65.61463512470486,200.061,-179.945,-0.097,139.38241541988475
ros_command_mm,246,mm,-132.75574338703944,65.75938781053647,200.061,-179.945,-0.097,140.37666340467905
ros_command_mm,247,mm,-132.0035386972139,65.9171782308877,200.061,-179.945,-0.097,141.37091138947335
ros_command_mm,248,mm,-131.25420367161755,66.0879582096426,200.061,-179.945,-0.097,142.36515937426765
ros_command_mm,249,mm,-130.50796259453904,66.2716756826931,200.061,-179.945,-0.097,143.35940735906195
ros_command_mm,250,mm,-129.7650388077361,66.46827471380915,200.061,-179.945,-0.097,144.35365534385625
ros_command_mm,251,mm,-129.02565464359452,66.67769551166748,200.061,-179.945,-0.097,145.34790332865052
ros_command_mm,252,mm,-128.29003135859375,66.89987444803391,200.061,-179.945,-0.097,146.34215131344482
ros_command_mm,253,mm,-127.55838906710004,67.1347440770941,200.061,-179.945,-0.097,147.33639929823912
ros_command_mm,254,mm,-126.83094667550586,67.38223315592631,200.061,-179.945,-0.097,148.33064728303341
ros_command_mm,255,mm,-126.1079218167362,67.64226666611042,200.061,-179.945,-0.097,149.3248952678277
ros_command_mm,256,mm,-125.38953078514092,67.91476583646632,200.061,-179.945,-0.097,150.319143252622
ros_command_mm,257,mm,-124.67598847179252,68.19964816691501,200.061,-179.945,-0.097,151.3133912374163
ros_command_mm,258,mm,-123.96750830020912,68.4968274534551,200.061,-179.945,-0.097,152.30763922221058
ros_command_mm,259,mm,-123.26430216252132,68.80621381424693,200.061,-179.945,-0.097,153.30188720700488
ros_command_mm,260,mm,-122.56658035610263,69.12771371679702,200.061,-179.945,-0.097,154.29613519179918
ros_command_mm,261,mm,-121.87455152068183,69.46123000623385,200.061,-179.945,-0.097,155.29038317659348
ros_command_mm,262,mm,-121.18842257595651,69.80666193466699,200.061,-179.945,-0.097,156.28463116138778
ros_command_mm,263,mm,-120.50839865972635,70.16390519162056,200.061,-179.945,-0.097,157.27887914618208
ros_command_mm,264,mm,-119.8346830665643,70.53285193553168,200.061,-179.945,-0.097,158.27312713097638
ros_command_mm,265,mm,-119.16747718704448,70.91339082630452,200.061,-179.945,-0.097,159.26737511577068
ros_command_mm,266,mm,-118.50698044754475,71.3054070589103,200.061,-179.945,-0.097,160.26162310056498
ros_command_mm,267,mm,-117.85339025064187,71.70878239802262,200.061,-179.945,-0.097,161.25587108535927
ros_command_mm,268,mm,-117.20690191611705,72.12339521367815,200.061,-179.945,-0.097,162.25011907015354
ros_command_mm,269,mm,-116.56770862258978,72.54912051795178,200.061,-179.945,-0.097,163.24436705494784
ros_command_mm,270,mm,-115.93600134979728,72.98583000263493,200.061,-179.945,-0.097,164.23861503974214
ros_command_mm,271,mm,-115.31196882153617,73.43339207790613,200.061,-179.945,-0.097,165.2328630245364
ros_command_mm,272,mm,-114.69579744928484,73.89167191198169,200.061,-179.945,-0.097,166.22711100933074
ros_command_mm,273,mm,-114.08767127652179,74.36053147173483,200.061,-179.945,-0.097,167.221358994125
ros_command_mm,274,mm,-113.64751782361981,74.83748889608442,200.061,-179.945,-0.097,168.18155760576573
ros_command_mm,275,mm,-113.2156370604471,75.31937814988903,200.061,-179.945,-0.097,169.14175621740645
ros_command_mm,276,mm,-112.79207060449284,75.80605658702467,200.061,-179.945,-0.097,170.10195482904717
ros_command_mm,277,mm,-112.37685762690396,76.29738155254113,200.061,-179.945,-0.097,171.0621534406879
ros_command_mm,278,mm,-111.97003486389126,76.79321042440353,200.061,-179.945,-0.097,172.0223520523286
ros_command_mm,279,mm,-111.57163662884462,77.29340065484911,200.061,-179.945,-0.097,172.98255066396933
ros_command_mm,280,mm,-111.18169482514728,77.79780981134678,200.061,-179.945,-0.097,173.94274927561005
ros_command_mm,281,mm,-111.9116814627725,78.05531627157946,200.061,-179.945,-0.097,174.4299842543652
ros_command_mm,282,mm,-112.42120377971774,78.52154520771316,200.061,-179.945,-0.097,175.32946328172466
ros_command_mm,283,mm,-112.60357521442239,78.82674450954585,200.061,-179.945,-0.097,175.92000310823875
ros_command_mm,284,mm,-112.78910552198055,79.12491302119514,200.061,-179.945,-0.097,176.51054293475286
ros_command_mm,285,mm,-112.9447530679006,79.45880814887822,200.061,-179.945,-0.097,177.16436160219618
ros_command_mm,286,mm,-113.10422914319629,79.78521940463237,200.061,-179.945,-0.097,177.8181802696395
ros_command_mm,287,mm,-113.2730402090701,80.11007391837032,200.061,-179.945,-0.097,178.46137145491207
ros_command_mm,288,mm,-113.4455149168235,80.42741675675127,200.061,-179.945,-0.097,179.1045626401846
ros_command_mm,289,mm,-113.65672121278834,80.7133049130168,200.061,-179.945,-0.097,179.67784900663324
ros_command_mm,290,mm,-113.8707989829382,80.9920742776756,200.061,-179.945,-0.097,180.25113537308187
ros_command_mm,291,mm,-114.4149593340367,81.44023763761601,200.061,-179.945,-0.097,181.17733625722772
ros_command_mm,292,mm,-115.09376608460462,81.7531724189604,200.061,-179.945,-0.097,181.83906339613776
ros_command_mm,293,mm,-115.90891975978757,81.92948298984948,200.061,-179.945,-0.097,182.22307794129293
ros_command_mm,294,mm,-116.85137570419478,81.98198387141632,200.061,-179.945,-0.097,182.34243658945715
ros_command_mm,295,mm,-117.90237843886257,81.93508371729622,200.061,-179.945,-0.097,182.23448711438286
ros_command_mm,296,mm,-119.03354466147579,81.82182453979924,200.061,-179.945,-0.097,181.95931308456656
ros_command_mm,297,mm,-120.20829997506297,81.67930060802247,200.061,-179.945,-0.097,181.59467251303457
ros_command_mm,298,mm,-121.38656236049223,81.54225059821565,200.061,-179.945,-0.097,181.224566792414
ros_command_mm,299,mm,-122.5326427813904,81.43636018481857,200.061,-179.945,-0.097,180.92239300743356
ros_command_mm,300,mm,-123.6237592468747,81.37379287097548,200.061,-179.945,-0.097,180.73408872586992
ros_command_mm,301,mm,-124.6551688711887,81.35280730437593,200.061,-179.945,-0.097,180.66861587465246
ros_command_mm,302,mm,-125.63911262914604,81.36148848885222,200.061,-179.945,-0.097,180.7006162054004
ros_command_mm,303,mm,-126.59798827291073,81.38385219459173,200.061,-179.945,-0.097,180.78423299547464
ros_command_mm,304,mm,-127.5551703530165,81.40578458321042,200.061,-179.945,-0.097,180.87158449918485
ros_command_mm,305,mm,-128.5276559290012,81.41869403139322,200.061,-179.945,-0.097,180.92773377489812
ros_command_mm,306,mm,-129.52303842084908,81.4200958937875,200.061,-179.945,-0.097,180.93699489535837
ros_command_mm,307,mm,-130.54069459807798,81.41186962933425,200.061,-179.945,-0.097,180.90059435836488
ros_command_mm,308,mm,-131.57524605855193,81.39773843170781,200.061,-179.945,-0.097,180.8295724327647
ros_command_mm,309,mm,-132.62007728493037,81.38129527177314,200.061,-179.945,-0.097,180.73752322352334
ros_command_mm,310,mm,-133.66956775933562,81.36508325878252,200.061,-179.945,-0.097,180.635986977626
ros_command_mm,311,mm,-134.71982783690373,81.35052796900294,200.061,-179.945,-0.097,180.5329370710281
ros_command_mm,312,mm,-135.76843551061705,81.33826029771619,200.061,-179.945,-0.097,180.43332714883763
ros_command_mm,313,mm,-136.81380779281102,81.32846678310177,200.061,-179.945,-0.097,180.34038670988338
ros_command_mm,314,mm,-137.85464223265583,81.32110969164188,200.061,-179.945,-0.097,180.25676923974018
ros_command_mm,315,mm,-138.88961562957388,81.31600926226244,200.061,-179.945,-0.097,180.18517101460665
ros_command_mm,316,mm,-139.91736246525537,81.3128449917497,200.061,-179.945,-0.097,180.12837630413756
ros_command_mm,317,mm,-140.93666942584554,81.31114221094496,200.061,-179.945,-0.097,180.08886007215858
ros_command_mm,318,mm,-141.9467719952437,81.31029288953779,200.061,-179.945,-0.097,180.06818142216002
ros_command_mm,319,mm,-142.94761351153497,81.30962844758835,200.061,-179.945,-0.097,180.06645311927264
ros_command_mm,320,mm,-143.93994453611276,81.30852764136219,200.061,-179.945,-0.097,180.08213723198935
ros_command_mm,321,mm,-144.9252092667678,81.3065194867776,200.061,-179.945,-0.097,180.11227654082705
ros_command_mm,322,mm,-145.90525942429844,81.3033418508812,200.061,-179.945,-0.097,180.15307962966529
ros_command_mm,323,mm,-146.88200564187582,81.29893897114616,200.061,-179.945,-0.097,180.20063457981837
ros_command_mm,324,mm,-147.8571264240551,81.29341008498312,200.061,-179.945,-0.097,180.25150510831634
ros_command_mm,325,mm,-148.83190825981183,81.28693892711831,200.061,-179.945,-0.097,180.3030580832053
ros_command_mm,326,mm,-149.8072227838109,81.27973283254501,200.061,-179.945,-0.097,180.35351021548567
ros_command_mm,327,mm,-150.7835970266973,81.27198629131972,200.061,-179.945,-0.097,180.40178404751998
ros_command_mm,328,mm,-151.761318673209,81.26386850973756,200.061,-179.945,-0.097,180.44729230478634
ros_command_mm,329,mm,-152.7405326884381,81.25552599283104,200.061,-179.945,-0.097,180.48974001210533
ros_command_mm,330,mm,-153.72130989877488,81.24709049666775,200.061,-179.945,-0.097,180.52898408929389
ros_command_mm,331,mm,-154.70368706706853,81.23868633986288,200.061,-179.945,-0.097,180.5649513176465
ros_command_mm,332,mm,-155.68768663824792,81.23043503407627,200.061,-179.945,-0.097,180.5975979077855
ros_command_mm,333,mm,-156.6733250320122,81.22245752171834,200.061,-179.945,-0.097,180.62689249065312
ros_command_mm,334,mm,-157.66061562596693,81.21487497406314,200.061,-179.945,-0.097,180.65280996127032
ros_command_mm,335,mm,-158.64956964994124,81.20780890479706,200.061,-179.945,-0.097,180.6753295893129
ros_command_mm,336,mm,-159.64019636035968,81.20138100205423,200.061,-179.945,-0.097,180.69443459903476
ros_command_mm,337,mm,-160.63250301627835,81.19571286630094,200.061,-179.945,-0.097,180.7101121535239
ros_command_mm,338,mm,-161.6264948289302,81.19092572971063,200.061,-179.945,-0.097,180.72235339308725
ros_command_mm,339,mm,-162.62217481184592,81.1871400987808,200.061,-179.945,-0.097,180.73115367683621
ros_command_mm,340,mm,-163.61954314422783,81.18447500665806,200.061,-179.945,-0.097,180.7365138169856
ros_command_mm,341,mm,-164.61859512491895,81.18304604239397,200.061,-179.945,-0.097,180.73844418592336
ros_command_mm,342,mm,-165.61931583405186,81.18296030062547,200.061,-179.945,-0.097,180.7369755337603
ros_command_mm,343,mm,-166.62166828390266,81.18430477040889,200.061,-179.945,-0.097,180.73218308088926
ros_command_mm,344,mm,-167.62557100601907,81.18712311594474,200.061,-179.945,-0.097,180.7242321661479
ros_command_mm,345,mm,-168.63086259886362,81.19137623223938,200.061,-179.945,-0.097,180.71345054755187
ros_command_mm,346,mm,-169.63725677177814,81.19688712810753,200.061,-179.945,-0.097,180.70042023444753
ros_command_mm,347,mm,-170.64430176734018,81.20328196401339,200.061,-179.945,-0.097,180.6860606335731
ros_command_mm,348,mm,-171.651368233156,81.20995324052598,200.061,-179.945,-0.097,180.67165390492843
ros_command_mm,349,mm,-172.6576912083571,81.2160790814361,200.061,-179.945,-0.097,180.6587599397866
ros_command_mm,350,mm,-173.66247758302734,81.22072325478014,200.061,-179.945,-0.097,180.64899735018838
ros_command_mm,351,mm,-174.6650615784363,81.22301024376775,200.061,-179.945,-0.097,180.64372573294443
ros_command_mm,352,mm,-174.19300614551804,80.66425356802084,200.061,-179.945,-0.097,181.63388150612747
ros_command_mm,353,mm,-173.71156557789308,80.11341935489331,200.061,-179.945,-0.097,182.62403727931053
ros_command_mm,354,mm,-173.22087265031715,79.57066519308057,200.061,-179.945,-0.097,183.61419305249356
ros_command_mm,355,mm,-172.72106278286208,79.03614644941702,200.061,-179.945,-0.097,184.60434882567662
ros_command_mm,356,mm,-172.2122740037952,78.51001622448452,200.061,-179.945,-0.097,185.59450459885966
ros_command_mm,357,mm,-171.6946469117135,77.99242530884014,200.061,-179.945,-0.097,186.58466037204272
ros_command_mm,358,mm,-171.16832463694416,77.48352213987523,200.061,-179.945,-0.097,187.57481614522575
ros_command_mm,359,mm,-170.63345280222038,76.9834527593187,200.061,-179.945,-0.097,188.56497191840882
ros_command_mm,360,mm,-170.09017948264434,76.492360771396,200.061,-179.945,-0.097,189.55512769159185
ros_command_mm,361,mm,-169.5386551649484,76.01038730165652,200.061,-179.945,-0.097,190.5452834647749
ros_command_mm,362,mm,-168.97903270606412,75.5376709564805,200.061,-179.945,-0.097,191.53543923795795
ros_command_mm,363,mm,-168.41146729101263,75.07434778327747,200.061,-179.945,-0.097,192.525595011141
ros_command_mm,364,mm,-167.83611639012574,74.62055123138745,200.061,-179.945,-0.097,193.51575078432404
ros_command_mm,365,mm,-167.25313971561124,74.17641211369626,200.061,-179.945,-0.097,194.50590655750707
ros_command_mm,366,mm,-166.66269917747303,73.74205856897592,200.061,-179.945,-0.097,195.49606233069014
ros_command_mm,367,mm,-166.06495883879873,73.31761602496064,200.061,-179.945,-0.097,196.48621810387317
ros_command_mm,368,mm,-165.4600848704275,72.90320716216982,200.061,-179.945,-0.097,197.47637387705623
ros_command_mm,369,mm,-164.84824550500898,72.49895187848755,200.061,-179.945,-0.097,198.46652965023927
ros_command_mm,370,mm,-164.22961099046796,72.10496725450939,200.061,-179.945,-0.097,199.45668542342233
ros_command_mm,371,mm,-163.60435354288606,71.72136751966654,200.061,-179.945,-0.097,200.44684119660536
ros_command_mm,372,mm,-162.97264729881388,71.34826401913661,200.061,-179.945,-0.097,201.43699696978842
ros_command_mm,373,mm,-162.334668267027,70.98576518155096,200.061,-179.945,-0.097,202.42715274297146
ros_command_mm,374,mm,-161.69059427973883,70.6339764875082,200.061,-179.945,-0.097,203.41730851615452
ros_command_mm,375,mm,-161.04060494328363,70.2930004389025,200.061,-179.945,-0.097,204.40746428933755
ros_command_mm,376,mm,-160.3848815882835,69.96293652907565,200.061,-179.945,-0.097,205.39762006252062
ros_command_mm,377,mm,-159.72360721931344,69.64388121380213,200.061,-179.945,-0.097,206.38777583570365
ros_command_mm,378,mm,-159.05696646407728,69.33592788311499,200.061,-179.945,-0.097,207.37793160888668
ros_command_mm,379,mm,-158.38514552210995,69.03916683398101,200.061,-179.945,-0.097,208.36808738206975
ros_command_mm,380,mm,-157.708332113019,68.7536852438333,200.061,-179.945,-0.097,209.35824315525278
ros_command_mm,381,mm,-157.0267154242804,68.47956714496878,200.061,-179.945,-0.097,210.34839892843584
ros_command_mm,382,mm,-156.34048605860312,68.21689339981839,200.061,-179.945,-0.097,211.33855470161888
ros_command_mm,383,mm,-155.6498359808762,67.96574167709691,200.061,-179.945,-0.097,212.32871047480194
ros_command_mm,384,mm,-154.95495846471417,67.72618642883987,200.061,-179.945,-0.097,213.31886624798497
ros_command_mm,385,mm,-154.25604803861495,67.498298868334,200.061,-179.945,-0.097,214.30902202116803
ros_command_mm,386,mm,-153.54179661081932,67.29693805063076,200.061,-179.945,-0.097,215.30056724188802
ros_command_mm,387,mm,-152.82442020822722,67.10777018225104,200.061,-179.945,-0.097,216.29211246260797
ros_command_mm,388,mm,-152.1041268453043,66.93084317310085,200.061,-179.945,-0.097,217.28365768332796
ros_command_mm,389,mm,-151.38112525982882,66.76620138661578,200.061,-179.945,-0.097,218.27520290404794
ros_command_mm,390,mm,-150.6556248524677,66.61388562905744,200.061,-179.945,-0.097,219.26674812476793
ros_command_mm,391,mm,-149.92783562619894,66.47393313983859,200.061,-179.945,-0.097,220.2582933454879
ros_command_mm,392,mm,-149.19796812559682,66.34637758287916,200.061,-179.945,-0.097,221.24983856620787
ros_command_mm,393,mm,-148.46623337599857,66.23124903899499,200.061,-179.945,-0.097,222.24138378692786
ros_command_mm,394,mm,-147.73284282256898,66.1285739993209,200.061,-179.945,-0.097,223.23292900764784
ros_command_mm,395,mm,-146.99800826928146,66.03837535976929,200.061,-179.945,-0.097,224.2244742283678
ros_command_mm,396,mm,-146.26194181783228,65.96067241652513,200.061,-179.945,-0.097,225.21601944908778
ros_command_mm,397,mm,-145.5248558065062,65.89548086257801,200.061,-179.945,-0.097,226.20756466980777
ros_command_mm,398,mm,-144.78696274901105,65.84281278529187,200.061,-179.945,-0.097,227.19910989052775
ros_command_mm,399,mm,-144.0484752732984,65.80267666501199,200.061,-179.945,-0.097,228.19065511124774
ros_command_mm,400,mm,-143.30960606038812,65.77507737470931,200.061,-179.945,-0.097,229.1822003319677
ros_command_mm,401,mm,-142.5705677832149,65.76001618066155,200.061,-179.945,-0.097,230.17374555268768
ros_command_mm,402,mm,-141.8315730455135,65.75749074416998,200.061,-179.945,-0.097,231.16529077340766
ros_command_mm,403,mm,-141.09283432076055,65.76749512431117,200.061,-179.945,-0.097,232.15683599412762
ros_command_mm,404,mm,-140.3545638911908,65.79001978172178,200.061,-179.945,-0.097,233.1483812148476
ros_command_mm,405,mm,-139.61697378690474,65.82505158341498,200.061,-179.945,-0.097,234.1399264355676
ros_command_mm,406,mm,-138.88027572508514,65.87257380862648,200.061,-179.945,-0.097,235.13147165628757
ros_command_mm,407,mm,-138.14468104934022,65.93256615568767,200.061,-179.945,-0.097,236.12301687700756
ros_command_mm,408,mm,-137.41040066919038,66.00500474992316,200.061,-179.945,-0.097,237.11456209772751
ros_command_mm,409,mm,-136.67764499971622,66.08986215257035,200.061,-179.945,-0.097,238.1061073184475
ros_command_mm,410,mm,-135.94662390138464,66.18710737071724,200.061,-179.945,-0.097,239.09765253916748
ros_command_mm,411,mm,-135.21754662007015,66.29670586825506,200.061,-179.945,-0.097,240.08919775988744
ros_command_mm,412,mm,-134.49062172728944,66.41861957784258,200.061,-179.945,-0.097,241.08074298060743
ros_command_mm,413,mm,-133.76605706066465,66.55280691387692,200.061,-179.945,-0.097,242.0722882013274
ros_command_mm,414,mm,-133.04405966463398,66.69922278646764,200.061,-179.945,-0.097,243.0638334220474
ros_command_mm,415,mm,-132.32483573142497,66.85781861640866,200.061,-179.945,-0.097,244.05537864276738
ros_command_mm,416,mm,-131.60859054230863,67.02854235114361,200.061,-179.945,-0.097,245.04692386348734
ros_command_mm,417,mm,-130.89552840914988,67.21133848171884,200.061,-179.945,-0.097,246.03846908420732
ros_command_mm,418,mm,-130.18585261627186,67.40614806071937,200.061,-179.945,-0.097,247.0300143049273
ros_command_mm,419,mm,-129.47976536265008,67.61290872118121,200.061,-179.945,-0.097,248.02155952564726
ros_command_mm,420,mm,-128.77746770445287,67.8315546964747,200.061,-179.945,-0.097,249.01310474636725
ros_command_mm,421,mm,-128.07915949794466,68.06201684115186,200.061,-179.945,-0.097,250.00464996708723
ros_command_mm,422,mm,-127.38503934276767,68.30422265275205,200.061,-179.945,-0.097,250.99619518780722
ros_command_mm,423,mm,-126.69530452561912,68.55809629455815,200.061,-179.945,-0.097,251.9877404085272
ros_command_mm,424,mm,-126.01015096433855,68.82355861929666,200.061,-179.945,-0.097,252.97928562924716
ros_command_mm,425,mm,-125.32977315242218,69.10052719377438,200.061,-179.945,-0.097,253.97083084996714
ros_command_mm,426,mm,-124.65436410397916,69.38891632444366,200.061,-179.945,-0.097,254.96237607068713
ros_command_mm,427,mm,-123.98411529914603,69.68863708388865,200.061,-179.945,-0.097,255.95392129140708
ros_command_mm,428,mm,-123.3192166299738,69.99959733822408,200.061,-179.945,-0.097,256.9454665121271
ros_command_mm,429,mm,-122.65985634680379,70.32170177539834,200.061,-179.945,-0.097,257.93701173284705
ros_command_mm,430,mm,-122.00622100514695,70.6548519343922,200.061,-179.945,-0.097,258.928556953567
ros_command_mm,431,mm,-121.35849541308122,70.99894623530393,200.061,-179.945,-0.097,259.920102174287
ros_command_mm,432,mm,-120.71686257918252,71.35388001031197,200.061,-179.945,-0.097,260.911647395007
ros_command_mm,433,mm,-120.0815036610033,71.71954553550556,200.061,-179.945,-0.097,261.903192615727
ros_command_mm,434,mm,-119.45259791411331,72.09583206357361,200.061,-179.945,-0.097,262.89473783644695
ros_command_mm,435,mm,-118.83032264171698,72.48262585734214,200.061,-179.945,-0.097,263.8862830571669
ros_command_mm,436,mm,-118.2148531448614,72.87981022414964,200.061,-179.945,-0.097,264.8778282778869
ros_command_mm,437,mm,-117.60636267324881,73.28726555105051,200.061,-179.945,-0.097,265.8693734986069
ros_command_mm,438,mm,-117.00502237666734,73.70486934083571,200.061,-179.945,-0.097,266.86091871932683
ros_command_mm,439,mm,-116.41100125705361,74.13249624885967,200.061,-179.945,-0.097,267.85246394004685
ros_command_mm,440,mm,-117.44039934889267,74.11094401945086,200.061,-179.945,-0.097,267.80459789376147
ros_command_mm,441,mm,-118.43432806390398,74.1143968473103,200.061,-179.945,-0.097,267.814477587014
ros_command_mm,442,mm,-119.42153137802381,74.1220702792144,200.061,-179.945,-0.097,267.8353058242755
ros_command_mm,443,mm,-120.40087337260373,74.13430233987836,200.061,-179.945,-0.097,267.86893852444706
ros_command_mm,444,mm,-121.37101305078261,74.15146641952015,200.061,-179.945,-0.097,267.9175722301188
ros_command_mm,445,mm,-122.33067741023146,74.17379639092155,200.061,-179.945,-0.097,267.9833017512581
ros_command_mm,446,mm,-123.27884855769524,74.20129570688063,200.061,-179.945,-0.097,268.067816747136
ros_command_mm,447,mm,-124.21483456122962,74.23373073574949,200.061,-179.945,-0.097,268.1722861615844
ros_command_mm,448,mm,-125.13824471996523,74.27067881881197,200.061,-179.945,-0.097,268.29739709037995
ros_command_mm,449,mm,-126.0489151220726,74.31159467662425,200.061,-179.945,-0.097,268.4434739967397
ros_command_mm,450,mm,-126.94682752471287,74.35586904468028,200.061,-179.945,-0.097,268.6106087335873
ros_command_mm,451,mm,-127.83204666107073,74.40286873190554,200.061,-179.945,-0.097,268.7987607342213
ros_command_mm,452,mm,-128.70468383709482,74.45195829566113,200.061,-179.945,-0.097,269.0078145506678
ros_command_mm,453,mm,-129.56488922913593,74.50250661155407,200.061,-179.945,-0.097,269.23759059442096
ros_command_mm,454,mm,-130.4128877484905,74.55387744175657,200.061,-179.945,-0.097,269.48778425291783
ros_command_mm,455,mm,-131.24910641949802,74.60539458811358,200.061,-179.945,-0.097,269.7577536204889
ros_command_mm,456,mm,-132.074489571022,74.65626502230349,200.061,-179.945,-0.097,270.0459952020218
ros_command_mm,457,mm,-132.8911328843287,74.70544831738587,200.061,-179.945,-0.097,270.34908758998245
ros_command_mm,458,mm,-133.70332143513582,74.7514922859312,200.061,-179.945,-0.097,270.6599571493019
ros_command_mm,459,mm,-134.51884603788923,74.79241868817222,200.061,-179.945,-0.097,270.96567016885535
ros_command_mm,460,mm,-135.35008254387068,74.82581456233032,200.061,-179.945,-0.097,271.24561098370543
ros_command_mm,461,mm,-136.2139238099711,74.84929772160653,200.061,-179.945,-0.097,271.4715778762992
ros_command_mm,462,mm,-137.12962465822562,74.86139655855918,200.061,-179.945,-0.097,271.61138828511747
ros_command_mm,463,mm,-138.11429642241177,74.86259054143032,200.061,-179.945,-0.097,271.6364412812995
ros_command_mm,464,mm,-139.17709634692915,74.85593099899339,200.061,-179.945,-0.097,271.5314575729339
ros_command_mm,465,mm,-140.31442038346188,74.84660638060208,200.061,-179.945,-0.097,271.30248584515004
ros_command_mm,466,mm,-141.50865634046096,74.84029394994693,200.061,-179.945,-0.097,270.97890286727704
ros_command_mm,467,mm,-142.73174830184846,74.84098435327813,200.061,-179.945,-0.097,270.6074015833362
ros_command_mm,468,mm,-143.95246716595622,74.84949743110151,200.061,-179.945,-0.097,270.23989226515863
ros_command_mm,469,mm,-145.14431797365296,74.8635349664367,200.061,-179.945,-0.097,269.92041179990935
ros_command_mm,470,mm,-146.29080466464183,74.87907397952749,200.061,-179.945,-0.097,269.6764118957785
ros_command_mm,471,mm,-147.38642789149603,74.89210177301638,200.061,-179.945,-0.097,269.51708430749505
ros_command_mm,472,mm,-148.43406672174441,74.89973882244833,200.061,-179.945,-0.097,269.4376731943778
ros_command_mm,473,mm,-149.440810175606,74.90044297566081,200.061,-179.945,-0.097,269.42638428996116
ros_command_mm,474,mm,-150.414281851789,74.89358817171924,200.061,-179.945,-0.097,269.4705009915252
ros_command_mm,475,mm,-151.36051515236556,74.8788936367566,200.061,-179.945,-0.097,269.5599305796796
ros_command_mm,476,mm,-152.28336065055993,74.85602126524023,200.061,-179.945,-0.097,269.6881961592667
ros_command_mm,477,mm,-153.1848227754283,74.8244162107047,200.061,-179.945,-0.097,269.8518744469173
ros_command_mm,478,mm,-154.06569016478977,74.78331518640506,200.061,-179.945,-0.097,270.04954066911216
ros_command_mm,479,mm,-154.9260794673769,74.73181818317785,200.061,-179.945,-0.097,270.2808567629658
ros_command_mm,480,mm,-155.76577978742827,74.66895800933247,200.061,-179.945,-0.097,270.54599203383077
ros_command_mm,481,mm,-156.58443934139981,74.59375015574824,200.061,-179.945,-0.097,270.8453073276696
ros_command_mm,482,mm,-157.38168883152593,74.50523847475465,200.061,-179.945,-0.097,271.17914603086683
ros_command_mm,483,mm,-158.15730845319817,74.40257418315996,200.061,-179.945,-0.097,271.5475566315786
ros_command_mm,484,mm,-158.91155907343816,74.28518739900693,200.061,-179.945,-0.097,271.949753327246
ros_command_mm,485,mm,-159.64580744810388,74.15312867199496,200.061,-179.945,-0.097,272.38311270553254
ros_command_mm,486,mm,-160.3635300659714,74.0076465669648,200.061,-179.945,-0.097,272.841587030597
ros_command_mm,487,mm,-161.07161727270199,73.85198767252335,200.061,-179.945,-0.097,273.3136842197694
ros_command_mm,488,mm,-161.78160772280648,73.69224321248295,200.061,-179.945,-0.097,273.78062462680043
ros_command_mm,489,mm,-162.51017392882028,73.5378775439865,200.061,-179.945,-0.097,274.2157408117621
ros_command_mm,490,mm,-163.27809029322142,73.40148838146291,200.061,-179.945,-0.097,274.5862628303745
ros_command_mm,491,mm,-164.10728208782658,73.2974936309844,200.061,-179.945,-0.097,274.8579994578834
ros_command_mm,492,mm,-165.01638493846917,73.23982136896481,200.061,-179.945,-0.097,275.002147798387
ros_command_mm,493,mm,-164.90022135706283,72.95773274194853,200.061,-179.945,-0.097,275.71306570216905
ros_command_mm,494,mm,-164.78064084871582,72.6729719120957,200.061,-179.945,-0.097,276.42398360595104
ros_command_mm,495,mm,-164.65755920735728,72.38558087896821,200.061,-179.945,-0.097,277.1349015097331
ros_command_mm,496,mm,-164.01978957425834,71.99992371678184,200.061,-179.945,-0.097,278.12877046009334
ros_command_mm,497,mm,-163.37563446103314,71.62527674340862,200.061,-179.945,-0.097,279.12263941045364
ros_command_mm,498,mm,-162.72528386171044,71.26174547075237,200.061,-179.945,-0.097,280.1165083608139
ros_command_mm,499,mm,-162.06892950989706,70.909432133559,200.061,-179.945,-0.097,281.1103773111742
ros_command_mm,500,mm,-161.406764822276,70.5684356608057,200.061,-179.945,-0.097,282.10424626153446
ros_command_mm,501,mm,-160.7389848416348,70.23885164806434,200.061,-179.945,-0.097,283.09811521189476
ros_command_mm,502,mm,-160.06578617944183,69.92077233084557,200.061,-179.945,-0.097,284.091984162255
ros_command_mm,503,mm,-159.38736695798644,69.61428655893236,200.061,-179.945,-0.097,285.0858531126153
ros_command_mm,504,mm,-158.70392675210113,69.31947977170914,200.061,-179.945,-0.097,286.0797220629756
ros_command_mm,505,mm,-158.01566653048167,69.03643397449355,200.061,-179.945,-0.097,287.0735910133359
ros_command_mm,506,mm,-157.32278859662324,68.76522771587759,200.061,-179.945,-0.097,288.06745996369614
ros_command_mm,507,mm,-156.6254965293899,68.50593606608403,200.061,-179.945,-0.097,289.06132891405645
ros_command_mm,508,mm,-155.92399512323416,68.25863059634429,200.061,-179.945,-0.097,290.0551978644167
ros_command_mm,509,mm,-155.21849032808515,68.02337935930306,200.061,-179.945,-0.097,291.049066814777
ros_command_mm,510,mm,-154.5091891889222,67.8002468704554,200.061,-179.945,-0.097,292.04293576513726
ros_command_mm,511,mm,-153.7962997850519,67.58929409062083,200.061,-179.945,-0.097,293.03680471549757
ros_command_mm,512,mm,-153.08003116910686,67.39057840945968,200.061,-179.945,-0.097,294.0306736658578
ros_command_mm,513,mm,-152.3605933057829,67.20415363003555,200.061,-179.945,-0.097,295.0245426162181
ros_command_mm,514,mm,-151.63819701033384,67.03006995442841,200.061,-179.945,-0.097,296.0184115665784
ros_command_mm,515,mm,-150.91305388684128,66.8683739704018,200.061,-179.945,-0.097,297.01228051693863
ros_command_mm,516,mm,-150.1853762662773,66.71910863912795,200.061,-179.945,-0.097,298.00614946729894
ros_command_mm,517,mm,-149.45537714437864,66.5823132839735,200.061,-179.945,-0.097,299.0000184176592
ros_command_mm,518,mm,-148.7232701193503,66.45802358034936,200.061,-179.945,-0.097,299.9938873680195
ros_command_mm,519,mm,-147.9892693294165,66.34627154662647,200.061,-179.945,-0.097,300.98775631837975
ros_command_mm,520,mm,-147.2535893902378,66.24708553612032,200.061,-179.945,-0.097,301.98162526874006
ros_command_mm,521,mm,-146.51644533221236,66.16049023014605,200.061,-179.945,-0.097,302.9754942191003
ros_command_mm,522,mm,-145.77805253767923,66.08650663214526,200.061,-179.945,-0.097,303.9693631694606
ros_command_mm,523,mm,-145.038626678043,66.02515206288652,200.061,-179.945,-0.097,304.9632321198209
ros_command_mm,524,mm,-144.2983836508371,65.97644015674017,200.061,-179.945,-0.097,305.9571010701812
ros_command_mm,525,mm,-143.5575395167446,65.94038085902797,200.061,-179.945,-0.097,306.95097002054143
ros_command_mm,526,mm,-142.8163104365953,65.91698042444847,200.061,-179.945,-0.097,307.94483897090174
ros_command_mm,527,mm,-142.07491260835593,65.90624141657749,200.061,-179.945,-0.097,308.938707921262
ros_command_mm,528,mm,-141.3335622041343,65.90816270844394,200.061,-179.945,-0.097,309.9325768716223
ros_command_mm,529,mm,-140.59247530721277,65.92273948418043,200.061,-179.945,-0.097,310.92644582198255
ros_command_mm,530,mm,-139.85186784913202,65.94996324174707,200.061,-179.945,-0.097,311.92031477234286
ros_command_mm,531,mm,-139.11195554684178,65.98982179672836,200.061,-179.945,-0.097,312.9141837227031
ros_command_mm,532,mm,-138.3729538399373,66.04229928720065,200.061,-179.945,-0.097,313.90805267306337
ros_command_mm,533,mm,-137.63507782799994,66.10737617966893,200.061,-179.945,-0.097,314.9019216234237
ros_command_mm,534,mm,-136.89854220805975,66.18502927607075,200.061,-179.945,-0.097,315.895790573784
ros_command_mm,535,mm,-136.16356121219866,66.27523172184435,200.061,-179.945,-0.097,316.88965952414424
ros_command_mm,536,mm,-135.43034854531172,66.37795301505916,200.061,-179.945,-0.097,317.8835284745045
ros_command_mm,537,mm,-134.6991173230452,66.49315901660455,200.061,-179.945,-0.097,318.8773974248648
ros_command_mm,538,mm,-133.97008000992903,66.62081196143421,200.061,-179.945,-0.097,319.87126637522505
ros_command_mm,539,mm,-133.24344835772177,66.7608704708624,200.061,-179.945,-0.097,320.86513532558536
ros_command_mm,540,mm,-132.51943334398564,66.91328956590752,200.061,-179.945,-0.097,321.8590042759456
ros_command_mm,541,mm,-131.79824511090996,67.07802068167956,200.061,-179.945,-0.097,322.8528732263059
ros_command_mm,542,mm,-131.08009290440035,67.25501168280609,200.061,-179.945,-0.097,323.84674217666617
ros_command_mm,543,mm,-130.365185013451,67.4442068798924,200.061,-179.945,-0.097,324.8406111270265
ros_command_mm,544,mm,-129.65372870981858,67.64554704701057,200.061,-179.945,-0.097,325.83448007738673
ros_command_mm,545,mm,-128.94593018801396,67.85896944021141,200.061,-179.945,-0.097,326.82834902774704
ros_command_mm,546,mm,-128.2419945056301,68.08440781705434,200.061,-179.945,-0.097,327.8222179781073
ros_command_mm,547,mm,-127.54212552402267,68.32179245714869,200.061,-179.945,-0.097,328.8160869284676
ros_command_mm,548,mm,-126.84652584936124,68.57105018369985,200.061,-179.945,-0.097,329.80995587882785
ros_command_mm,549,mm,-126.15539677406707,68.83210438605407,200.061,-179.945,-0.097,330.80382482918816
ros_command_mm,550,mm,-125.46893821865547,69.10487504323474,200.061,-179.945,-0.097,331.7976937795484
ros_command_mm,551,mm,-124.78734867399865,69.38927874846289,200.061,-179.945,-0.097,332.7915627299087
ros_command_mm,552,mm,-124.11082514402642,69.68522873465446,200.061,-179.945,-0.097,333.78543168026897
ros_command_mm,553,mm,-123.43956308888039,69.99263490088663,200.061,-179.945,-0.097,334.7793006306292
ros_command_mm,554,mm,-122.77375636853898,70.31140383982485,200.061,-179.945,-0.097,335.77316958098953
ros_command_mm,555,mm,-122.11359718692894,70.64143886610267,200.061,-179.945,-0.097,336.76703853134984
ros_command_mm,556,mm,-121.45927603653928,70.98264004564533,200.061,-179.945,-0.097,337.7609074817101
ros_command_mm,557,mm,-120.81098164355421,71.33490422592834,200.061,-179.945,-0.097,338.75477643207034
ros_command_mm,558,mm,-120.16890091352005,71.69812506716222,200.061,-179.945,-0.097,339.74864538243065
ros_command_mm,559,mm,-119.53321887756258,72.07219307439325,200.061,-179.945,-0.097,340.7425143327909
ros_command_mm,560,mm,-118.96139808545483,72.4602980710723,200.061,-179.945,-0.097,341.70438267775233
ros_command_mm,561,mm,-118.39642826286342,72.85710165212586,200.061,-179.945,-0.097,342.6662510227137
ros_command_mm,562,mm,-117.8384402317702,73.2624834185038,200.061,-179.945,-0.097,343.62811936767514
ros_command_mm,563,mm,-117.28756270665379,73.67632103157536,200.061,-179.945,-0.097,344.5899877126365
ros_command_mm,564,mm,-116.74392226625778,74.09849024988779,200.061,-179.945,-0.097,345.55185605759794
ros_command_mm,565,mm,-116.20764332599832,74.52886496632588,200.061,-179.945,-0.097,346.5137244025593
ros_command_mm,566,mm,-115.67884811101587,74.9673172456611,200.061,-179.945,-0.097,347.47559274752075
ros_command_mm,567,mm,-115.15765662987701,75.41371736247977,200.061,-179.945,-0.097,348.4374610924821
ros_command_mm,568,mm,-114.64418664893145,75.86793383947837,200.061,-179.945,-0.097,349.39932943744355
ros_command_mm,569,mm,-114.1385536673283,76.32983348611543,200.061,-179.945,-0.097,350.36119778240493
ros_command_mm,570,mm,-113.64087089269766,76.79928143760789,200.061,-179.945,-0.097,351.32306612736636
ros_command_mm,571,mm,-113.15124921750093,77.27614119426117,200.061,-179.945,-0.097,352.28493447232773
ros_command_mm,572,mm,-112.66979719605483,77.76027466112106,200.061,-179.945,-0.097,353.24680281728916
ros_command_mm,573,mm,-112.19662102223282,78.25154218793631,200.061,-179.945,-0.097,354.20867116225054
ros_command_mm,574,mm,-111.73182450784853,78.74980260941983,200.061,-179.945,-0.097,355.17053950721197
ros_command_mm,575,mm,-111.2755090617241,79.25491328579763,200.061,-179.945,-0.097,356.13240785217334
ros_command_mm,576,mm,-110.82777366944738,79.76673014363305,200.061,-179.945,-0.097,357.0942761971348
ros_command_mm,577,mm,-110.38871487382204,80.28510771691518,200.061,-179.945,-0.097,358.05614454209615
ros_command_mm,578,mm,-109.95842675601222,80.80989918839967,200.061,-179.945,-0.097,359.0180128870576
ros_command_mm,579,mm,-110.95104114186574,80.81736692414583,200.061,-179.945,-0.097,359.03285569584676
ros_command_mm,580,mm,-111.93702765300146,80.83166856686265,200.061,-179.945,-0.097,359.0610331008138
ros_command_mm,581,mm,-112.91769729435474,80.85100009191733,200.061,-179.945,-0.097,359.0999256040118
ros_command_mm,582,mm,-113.89460127879336,80.87345353028265,200.061,-179.945,-0.097,359.14642927238106
ros_command_mm,583,mm,-114.86922163145655,80.89734425689082,200.061,-179.945,-0.097,359.1975729903569
ros_command_mm,584,mm,-115.84276266088563,80.92139443578542,200.061,-179.945,-0.097,359.25093694819594
ros_command_mm,585,mm,-116.8160751718778,80.94476393298096,200.061,-179.945,-0.097,359.3048070018775
ros_command_mm,586,mm,-117.78968709123988,80.966977108852,200.061,-179.945,-0.097,359.3581157373661
ros_command_mm,587,mm,-118.76388744924088,80.98781026509326,200.061,-179.945,-0.097,359.4102755501416
ros_command_mm,588,mm,-119.73881608941775,81.00718828600846,200.061,-179.945,-0.097,359.46099920323957
ros_command_mm,589,mm,-120.71453286500366,81.02511178381783,200.061,-179.945,-0.097,359.5101609346476
ros_command_mm,590,mm,-121.69106051369874,81.041614999841,200.061,-179.945,-0.097,359.5577101886668
ros_command_mm,591,mm,-122.66840677396972,81.05674535868029,200.061,-179.945,-0.097,359.6036270307283
ros_command_mm,592,mm,-123.64657404093889,81.07055501043642,200.061,-179.945,-0.097,359.6479026486193
ros_command_mm,593,mm,-124.62556300836115,81.0830977898233,200.061,-179.945,-0.097,359.6905319831383
ros_command_mm,594,mm,-125.6053739226252,81.09442821468194,200.061,-179.945,-0.097,359.73151118094046
ros_command_mm,595,mm,-126.58600703090187,81.10460115053691,200.061,-179.945,-0.097,359.77083667579836
ros_command_mm,596,mm,-127.5674627781392,81.11367168477419,200.061,-179.945,-0.097,359.808504777386
ros_command_mm,597,mm,-128.54974189820092,81.12169508768922,200.061,-179.945,-0.097,359.8445114741497
ros_command_mm,598,mm,-129.532845398083,81.12872683919014,200.061,-179.945,-0.097,359.8788524531123
ros_command_mm,599,mm,-130.51677442258557,81.13482270435229,200.061,-179.945,-0.097,359.91152336276167
ros_command_mm,600,mm,-131.50153006164985,81.14003880878872,200.061,-179.945,-0.097,359.9425201928216
ros_command_mm,601,mm,-132.48711321562791,81.14443166112109,200.061,-179.945,-0.097,359.97183953644475
ros_command_mm,602,mm,-133.47352458449575,81.1480581135603,200.061,-179.945,-0.097,359.99947860022445
ros_command_mm,603,mm,-134.4607647439927,81.15097529692805,200.061,-179.945,-0.097,360.0254350369711
ros_command_mm,604,mm,-134.448852775572,81.15392112039608,200.061,-179.945,-0.097,360.0497058256089
ros_command_mm,605,mm,-233.69271874236887,51.15392112039608,200.061,-179.945,-0.097,360.0497058256089
